SET SQL_MODE = "NO_AUTO_VALUE_ON_ZERO";
SET AUTOCOMMIT = 0;
START TRANSACTION;
SET time_zone = "+00:00";

/*!40101 SET @OLD_CHARACTER_SET_CLIENT=@@CHARACTER_SET_CLIENT */;
/*!40101 SET @OLD_CHARACTER_SET_RESULTS=@@CHARACTER_SET_RESULTS */;
/*!40101 SET @OLD_COLLATION_CONNECTION=@@COLLATION_CONNECTION */;
/*!40101 SET NAMES utf8mb4 */;


CREATE TABLE `banks` (
  `bank_id` int(11) NOT NULL,
  `bank_name` varchar(128) COLLATE utf8_bin NOT NULL
) ENGINE=InnoDB DEFAULT CHARSET=utf8 COLLATE=utf8_bin;

INSERT INTO `banks` (`bank_id`, `bank_name`) VALUES
(1, 'Тинькофф');

CREATE TABLE `bank_cities` (
  `bank_city_id` int(11) NOT NULL,
  `bank_id` int(11) NOT NULL,
  `city_id` int(11) NOT NULL
) ENGINE=InnoDB DEFAULT CHARSET=utf8 COLLATE=utf8_bin;

INSERT INTO `bank_cities` (`bank_city_id`, `bank_id`, `city_id`) VALUES
(1, 1, 1),
(2, 1, 4),
(3, 1, 6),
(4, 1, 7),
(5, 1, 9),
(6, 1, 11),
(7, 1, 15),
(8, 1, 17),
(9, 1, 22),
(10, 1, 31),
(11, 1, 36),
(12, 1, 43),
(13, 1, 46),
(14, 1, 56),
(15, 1, 61),
(16, 1, 66),
(17, 1, 70),
(18, 1, 73),
(19, 1, 78),
(20, 1, 80),
(21, 1, 81),
(22, 1, 82),
(23, 1, 89),
(24, 1, 95),
(25, 1, 96),
(26, 1, 97),
(27, 1, 98),
(28, 1, 99),
(29, 1, 103),
(30, 1, 104),
(31, 1, 105),
(32, 1, 108),
(33, 1, 112),
(34, 1, 114),
(35, 1, 116),
(36, 1, 117),
(37, 1, 120),
(38, 1, 121),
(39, 1, 122),
(40, 1, 123),
(41, 1, 127),
(42, 1, 129),
(43, 1, 132),
(44, 1, 133),
(45, 1, 134),
(46, 1, 136),
(47, 1, 138),
(48, 1, 140),
(49, 1, 141),
(50, 1, 142),
(51, 1, 143),
(52, 1, 146),
(53, 1, 148),
(54, 1, 151),
(55, 1, 152),
(56, 1, 153),
(57, 1, 154),
(58, 1, 156),
(59, 1, 157),
(60, 1, 159),
(61, 1, 161),
(62, 1, 162),
(63, 1, 164),
(64, 1, 166),
(65, 1, 167),
(66, 1, 176),
(67, 1, 179),
(68, 1, 180),
(69, 1, 182),
(70, 1, 184),
(71, 1, 189),
(72, 1, 191),
(73, 1, 198),
(74, 1, 201),
(75, 1, 203),
(76, 1, 204),
(77, 1, 205),
(78, 1, 206),
(79, 1, 210),
(80, 1, 217),
(81, 1, 219),
(82, 1, 225),
(83, 1, 226),
(84, 1, 229),
(85, 1, 230),
(86, 1, 231),
(87, 1, 234),
(88, 1, 238),
(89, 1, 243),
(90, 1, 245),
(91, 1, 246),
(92, 1, 248),
(93, 1, 253),
(94, 1, 254),
(95, 1, 255),
(96, 1, 256),
(97, 1, 257),
(98, 1, 260),
(99, 1, 261),
(100, 1, 263),
(101, 1, 264),
(102, 1, 265),
(103, 1, 266),
(104, 1, 267),
(105, 1, 268),
(106, 1, 269),
(107, 1, 270),
(108, 1, 271),
(109, 1, 272),
(110, 1, 273),
(111, 1, 274),
(112, 1, 277),
(113, 1, 278),
(114, 1, 284),
(115, 1, 286),
(116, 1, 290),
(117, 1, 291),
(118, 1, 292),
(119, 1, 297),
(120, 1, 303),
(121, 1, 306),
(122, 1, 318),
(123, 1, 319),
(124, 1, 322),
(125, 1, 323),
(126, 1, 324),
(127, 1, 361),
(128, 1, 368),
(129, 1, 370),
(130, 1, 373),
(131, 1, 376),
(132, 1, 377),
(133, 1, 381),
(134, 1, 383),
(135, 1, 385),
(136, 1, 388),
(137, 1, 389),
(138, 1, 392),
(139, 1, 394),
(140, 1, 399),
(141, 1, 400),
(142, 1, 402),
(143, 1, 408),
(144, 1, 410),
(145, 1, 415),
(146, 1, 416),
(147, 1, 417),
(148, 1, 418),
(149, 1, 419),
(150, 1, 420),
(151, 1, 421),
(152, 1, 422),
(153, 1, 423),
(154, 1, 424),
(155, 1, 429),
(156, 1, 430),
(157, 1, 431),
(158, 1, 433),
(159, 1, 437),
(160, 1, 438),
(161, 1, 441),
(162, 1, 443),
(163, 1, 444),
(164, 1, 446),
(165, 1, 447),
(166, 1, 448),
(167, 1, 450),
(168, 1, 456),
(169, 1, 457),
(170, 1, 466),
(171, 1, 475),
(172, 1, 476),
(173, 1, 477),
(174, 1, 479),
(175, 1, 481),
(176, 1, 482),
(177, 1, 483),
(178, 1, 485),
(179, 1, 491),
(180, 1, 493),
(181, 1, 494),
(182, 1, 499),
(183, 1, 501),
(184, 1, 503),
(185, 1, 504),
(186, 1, 505),
(187, 1, 511),
(188, 1, 512),
(189, 1, 513),
(190, 1, 515),
(191, 1, 519),
(192, 1, 521),
(193, 1, 523),
(194, 1, 524),
(195, 1, 525),
(196, 1, 526),
(197, 1, 529),
(198, 1, 532),
(199, 1, 533),
(200, 1, 535),
(201, 1, 536),
(202, 1, 537),
(203, 1, 538),
(204, 1, 542),
(205, 1, 549),
(206, 1, 550),
(207, 1, 552),
(208, 1, 561),
(209, 1, 562),
(210, 1, 563),
(211, 1, 566),
(212, 1, 568),
(213, 1, 572),
(214, 1, 573),
(215, 1, 574),
(216, 1, 324),
(217, 1, 325),
(218, 1, 326),
(219, 1, 327),
(220, 1, 328),
(221, 1, 329),
(222, 1, 330),
(223, 1, 331),
(224, 1, 332),
(225, 1, 333),
(226, 1, 334),
(227, 1, 335),
(228, 1, 336),
(229, 1, 337),
(230, 1, 338),
(231, 1, 339),
(232, 1, 340),
(233, 1, 341),
(234, 1, 342),
(235, 1, 343),
(236, 1, 344),
(237, 1, 345),
(238, 1, 346),
(239, 1, 347),
(240, 1, 348),
(241, 1, 303),
(242, 1, 304),
(243, 1, 305),
(244, 1, 306),
(245, 1, 307),
(246, 1, 308),
(247, 1, 309),
(248, 1, 310),
(249, 1, 311),
(250, 1, 312),
(251, 1, 313),
(252, 1, 314),
(253, 1, 315),
(254, 1, 316),
(255, 1, 317);

CREATE TABLE `bank_cities_time_priority` (
  `bank_city_time_priority_id` int(11) NOT NULL,
  `bank_id` int(11) NOT NULL,
  `time_id` int(11) NOT NULL,
  `city_id` int(11) NOT NULL,
  `priority` int(11) NOT NULL
) ENGINE=InnoDB DEFAULT CHARSET=utf8 COLLATE=utf8_bin;

INSERT INTO `bank_cities_time_priority` (`bank_city_time_priority_id`, `bank_id`, `time_id`, `city_id`, `priority`) VALUES
(208, 1, 1, 264, 1),
(209, 1, 1, 476, 2),
(210, 1, 1, 479, 3),
(211, 1, 1, 323, 4),
(212, 1, 1, 477, 5),
(213, 1, 1, 180, 6),
(214, 1, 1, 154, 7),
(215, 1, 1, 156, 8),
(216, 1, 1, 164, 9),
(217, 1, 1, 162, 10),
(218, 1, 1, 161, 11),
(219, 1, 1, 166, 12),
(220, 1, 1, 182, 13),
(221, 1, 1, 179, 14),
(222, 1, 1, 184, 15),
(223, 1, 1, 159, 16),
(224, 1, 1, 157, 17),
(225, 1, 1, 542, 18),
(226, 1, 1, 66, 19),
(227, 1, 1, 70, 20),
(228, 1, 1, 11, 21),
(229, 1, 1, 245, 22),
(230, 1, 1, 248, 23),
(231, 1, 1, 246, 24),
(232, 1, 1, 253, 25),
(233, 1, 1, 143, 26),
(234, 1, 1, 148, 27),
(235, 1, 1, 153, 28),
(236, 1, 1, 15, 29),
(237, 1, 1, 114, 30),
(238, 1, 1, 385, 31),
(239, 1, 1, 270, 32),
(240, 1, 1, 388, 33),
(241, 1, 1, 152, 34),
(242, 1, 1, 146, 35),
(243, 1, 1, 265, 36),
(244, 1, 1, 267, 37),
(245, 1, 1, 266, 38),
(246, 1, 1, 268, 39),
(247, 1, 1, 117, 40),
(248, 1, 1, 269, 41),
(249, 1, 1, 256, 42),
(250, 1, 1, 272, 43),
(251, 1, 1, 513, 44),
(252, 1, 1, 116, 45),
(253, 1, 1, 274, 46),
(254, 1, 1, 515, 47),
(255, 1, 1, 112, 48),
(256, 1, 1, 95, 49),
(257, 1, 1, 151, 50),
(258, 1, 1, 96, 51),
(259, 1, 1, 271, 52),
(260, 1, 1, 273, 53),
(261, 1, 1, 97, 54),
(262, 1, 1, 389, 55),
(263, 1, 1, 392, 56),
(264, 1, 1, 481, 57),
(265, 1, 1, 535, 58),
(266, 1, 1, 533, 59),
(267, 1, 1, 536, 60),
(268, 1, 1, 483, 61),
(269, 1, 1, 485, 62),
(270, 1, 1, 482, 63),
(271, 1, 1, 493, 64),
(272, 1, 1, 491, 65),
(273, 1, 1, 525, 66),
(274, 1, 1, 526, 67),
(275, 1, 1, 524, 68),
(276, 1, 1, 532, 69),
(277, 1, 1, 537, 70),
(278, 1, 1, 573, 71),
(279, 1, 1, 574, 72),
(280, 1, 1, 419, 73),
(281, 1, 1, 292, 74),
(282, 1, 1, 572, 75),
(283, 1, 1, 416, 76),
(284, 1, 1, 424, 77),
(285, 1, 1, 429, 78),
(286, 1, 1, 417, 79),
(287, 1, 1, 421, 80),
(288, 1, 1, 290, 81),
(289, 1, 1, 561, 82),
(290, 1, 1, 568, 83),
(291, 1, 1, 562, 84),
(292, 1, 1, 4, 85),
(293, 1, 1, 6, 86),
(294, 1, 1, 9, 87),
(295, 1, 1, 400, 88),
(296, 1, 1, 422, 89),
(297, 1, 1, 291, 90),
(298, 1, 1, 7, 91),
(299, 1, 1, 538, 92),
(300, 1, 1, 394, 93),
(301, 1, 1, 399, 94),
(302, 1, 1, 402, 95),
(303, 1, 1, 566, 96),
(304, 1, 1, 423, 97),
(305, 1, 1, 563, 98),
(306, 1, 1, 456, 99),
(307, 1, 1, 457, 100),
(308, 1, 1, 529, 101),
(309, 1, 1, 466, 102),
(310, 1, 1, 475, 103),
(311, 1, 1, 89, 104),
(312, 1, 1, 81, 105),
(315, 1, 1, 408, 158),
(316, 1, 1, 415, 159),
(317, 1, 1, 78, 160),
(318, 1, 1, 82, 161),
(319, 1, 1, 80, 162),
(320, 1, 1, 381, 163),
(321, 1, 1, 318, 164),
(322, 1, 1, 319, 165),
(323, 1, 1, 217, 166),
(324, 1, 1, 134, 167),
(325, 1, 1, 121, 168),
(326, 1, 1, 123, 169),
(327, 1, 1, 133, 170),
(328, 1, 1, 122, 171),
(329, 1, 1, 437, 172),
(330, 1, 1, 167, 173),
(331, 1, 1, 176, 174),
(332, 1, 1, 108, 175),
(333, 1, 1, 105, 176),
(334, 1, 1, 141, 177),
(335, 1, 1, 443, 178),
(336, 1, 1, 191, 179),
(337, 1, 1, 447, 180),
(338, 1, 1, 138, 181),
(339, 1, 1, 438, 182),
(340, 1, 1, 444, 183),
(341, 1, 1, 441, 184),
(342, 1, 1, 1, 185),
(343, 1, 1, 383, 186),
(344, 1, 1, 204, 187),
(345, 1, 1, 225, 188),
(346, 1, 1, 210, 189),
(347, 1, 1, 229, 190),
(348, 1, 1, 198, 191),
(349, 1, 1, 201, 192),
(350, 1, 1, 203, 193),
(351, 1, 1, 205, 194),
(352, 1, 1, 43, 195),
(353, 1, 1, 103, 196),
(354, 1, 1, 226, 197),
(355, 1, 1, 104, 198),
(356, 1, 1, 56, 199),
(357, 1, 1, 261, 200),
(358, 1, 1, 140, 201),
(359, 1, 1, 120, 202),
(360, 1, 1, 127, 203),
(361, 1, 1, 132, 204),
(362, 1, 1, 129, 205),
(363, 1, 1, 136, 206),
(364, 1, 1, 61, 207),
(365, 1, 1, 519, 208),
(366, 1, 1, 523, 209),
(367, 1, 1, 206, 210),
(368, 1, 1, 521, 211),
(369, 1, 1, 277, 212),
(370, 1, 1, 322, 213),
(371, 1, 1, 231, 214),
(372, 1, 1, 263, 215),
(373, 1, 1, 257, 216),
(374, 1, 1, 260, 217),
(375, 1, 1, 549, 218),
(376, 1, 1, 377, 219),
(377, 1, 1, 450, 220),
(378, 1, 1, 361, 221),
(379, 1, 1, 552, 222),
(380, 1, 1, 189, 223),
(381, 1, 1, 368, 224),
(382, 1, 1, 36, 225),
(383, 1, 1, 376, 226),
(384, 1, 1, 431, 227),
(385, 1, 1, 286, 228),
(386, 1, 1, 433, 229),
(387, 1, 1, 511, 230),
(388, 1, 1, 234, 231),
(389, 1, 1, 373, 232),
(390, 1, 1, 238, 233),
(391, 1, 1, 243, 234),
(392, 1, 1, 494, 235),
(393, 1, 1, 297, 236),
(394, 1, 1, 550, 237),
(395, 1, 1, 418, 238),
(396, 1, 1, 370, 239),
(397, 1, 1, 230, 240),
(398, 1, 1, 410, 241),
(399, 1, 1, 499, 242),
(400, 1, 1, 501, 243),
(401, 1, 1, 504, 244),
(402, 1, 1, 446, 245),
(403, 1, 1, 448, 246),
(404, 1, 1, 505, 247),
(405, 1, 1, 512, 248),
(406, 1, 1, 503, 249),
(407, 1, 1, 278, 250),
(408, 1, 1, 73, 251),
(409, 1, 1, 306, 252),
(410, 1, 1, 254, 253),
(411, 1, 1, 255, 254),
(412, 1, 1, 284, 255),
(413, 1, 2, 264, 1),
(414, 1, 2, 476, 2),
(415, 1, 2, 479, 3),
(416, 1, 2, 323, 4),
(417, 1, 2, 477, 5),
(418, 1, 2, 180, 6),
(419, 1, 2, 154, 7),
(420, 1, 2, 156, 8),
(421, 1, 2, 164, 9),
(422, 1, 2, 162, 10),
(423, 1, 2, 161, 11),
(424, 1, 2, 166, 12),
(425, 1, 2, 182, 13),
(426, 1, 2, 179, 14),
(427, 1, 2, 184, 15),
(428, 1, 2, 159, 16),
(429, 1, 2, 157, 17),
(430, 1, 2, 542, 18),
(431, 1, 2, 66, 19),
(432, 1, 2, 70, 20),
(433, 1, 2, 11, 21),
(434, 1, 2, 245, 22),
(435, 1, 2, 248, 23),
(436, 1, 2, 246, 24),
(437, 1, 2, 253, 25),
(438, 1, 2, 143, 26),
(439, 1, 2, 148, 27),
(440, 1, 2, 153, 28),
(441, 1, 2, 15, 29),
(442, 1, 2, 114, 30),
(443, 1, 2, 385, 31),
(444, 1, 2, 270, 32),
(445, 1, 2, 388, 33),
(446, 1, 2, 152, 34),
(447, 1, 2, 146, 35),
(448, 1, 2, 265, 36),
(449, 1, 2, 267, 37),
(450, 1, 2, 266, 38),
(451, 1, 2, 268, 39),
(452, 1, 2, 117, 40),
(453, 1, 2, 269, 41),
(454, 1, 2, 256, 42),
(455, 1, 2, 272, 43),
(456, 1, 2, 513, 44),
(457, 1, 2, 116, 45),
(458, 1, 2, 274, 46),
(459, 1, 2, 515, 47),
(460, 1, 2, 112, 48),
(461, 1, 2, 95, 49),
(462, 1, 2, 151, 50),
(463, 1, 2, 96, 51),
(464, 1, 2, 271, 52),
(465, 1, 2, 273, 53),
(466, 1, 2, 97, 54),
(467, 1, 2, 389, 55),
(468, 1, 2, 392, 56),
(469, 1, 2, 481, 57),
(470, 1, 2, 535, 58),
(471, 1, 2, 533, 59),
(472, 1, 2, 536, 60),
(473, 1, 2, 483, 61),
(474, 1, 2, 485, 62),
(475, 1, 2, 482, 63),
(476, 1, 2, 493, 64),
(477, 1, 2, 491, 65),
(478, 1, 2, 525, 66),
(479, 1, 2, 526, 67),
(480, 1, 2, 524, 68),
(481, 1, 2, 532, 69),
(482, 1, 2, 537, 70),
(483, 1, 2, 573, 71),
(484, 1, 2, 574, 72),
(485, 1, 2, 419, 73),
(486, 1, 2, 292, 74),
(487, 1, 2, 572, 75),
(488, 1, 2, 416, 76),
(489, 1, 2, 424, 77),
(490, 1, 2, 429, 78),
(491, 1, 2, 417, 79),
(492, 1, 2, 421, 80),
(493, 1, 2, 420, 81),
(494, 1, 2, 290, 82),
(495, 1, 2, 561, 83),
(496, 1, 2, 568, 84),
(497, 1, 2, 562, 85),
(498, 1, 2, 4, 86),
(499, 1, 2, 6, 87),
(500, 1, 2, 9, 88),
(501, 1, 2, 400, 89),
(502, 1, 2, 422, 90),
(503, 1, 2, 291, 91),
(504, 1, 2, 7, 92),
(505, 1, 2, 538, 93),
(506, 1, 2, 394, 94),
(507, 1, 2, 399, 95),
(508, 1, 2, 402, 96),
(509, 1, 2, 566, 97),
(510, 1, 2, 423, 98),
(511, 1, 2, 563, 99),
(512, 1, 2, 456, 100),
(513, 1, 2, 457, 101),
(514, 1, 2, 529, 102),
(515, 1, 2, 466, 103),
(516, 1, 2, 475, 104),
(517, 1, 2, 89, 105),
(518, 1, 2, 81, 106),
(521, 1, 2, 408, 159),
(522, 1, 2, 415, 160),
(523, 1, 2, 78, 161),
(524, 1, 2, 82, 162),
(525, 1, 2, 80, 163),
(526, 1, 2, 381, 164),
(527, 1, 2, 318, 165),
(528, 1, 2, 319, 166),
(529, 1, 2, 217, 167),
(530, 1, 2, 134, 168),
(531, 1, 2, 121, 169),
(532, 1, 2, 123, 170),
(533, 1, 2, 133, 171),
(534, 1, 2, 122, 172),
(535, 1, 2, 437, 173),
(536, 1, 2, 167, 174),
(537, 1, 2, 176, 175),
(538, 1, 2, 108, 176),
(539, 1, 2, 105, 177),
(540, 1, 2, 141, 178),
(541, 1, 2, 443, 179),
(542, 1, 2, 191, 180),
(543, 1, 2, 447, 181),
(544, 1, 2, 138, 182),
(545, 1, 2, 438, 183),
(546, 1, 2, 444, 184),
(547, 1, 2, 441, 185),
(548, 1, 2, 1, 186),
(549, 1, 2, 383, 187),
(550, 1, 2, 204, 188),
(551, 1, 2, 225, 189),
(552, 1, 2, 210, 190),
(553, 1, 2, 229, 191),
(554, 1, 2, 198, 192),
(555, 1, 2, 201, 193),
(556, 1, 2, 203, 194),
(557, 1, 2, 205, 195),
(558, 1, 2, 43, 196),
(559, 1, 2, 103, 197),
(560, 1, 2, 226, 198),
(561, 1, 2, 104, 199),
(562, 1, 2, 56, 200),
(563, 1, 2, 261, 201),
(564, 1, 2, 140, 202),
(565, 1, 2, 120, 203),
(566, 1, 2, 127, 204),
(567, 1, 2, 132, 205),
(568, 1, 2, 129, 206),
(569, 1, 2, 136, 207),
(570, 1, 2, 61, 208),
(571, 1, 2, 519, 209),
(572, 1, 2, 523, 210),
(573, 1, 2, 206, 211),
(574, 1, 2, 521, 212),
(575, 1, 2, 277, 213),
(576, 1, 2, 322, 214),
(577, 1, 2, 231, 215),
(578, 1, 2, 263, 216),
(579, 1, 2, 257, 217),
(580, 1, 2, 260, 218),
(581, 1, 2, 549, 219),
(582, 1, 2, 377, 220),
(583, 1, 2, 450, 221),
(584, 1, 2, 361, 222),
(585, 1, 2, 552, 223),
(586, 1, 2, 189, 224),
(587, 1, 2, 368, 225),
(588, 1, 2, 36, 226),
(589, 1, 2, 376, 227),
(590, 1, 2, 431, 228),
(591, 1, 2, 286, 229),
(592, 1, 2, 433, 230),
(593, 1, 2, 511, 231),
(594, 1, 2, 234, 232),
(595, 1, 2, 373, 233),
(596, 1, 2, 238, 234),
(597, 1, 2, 243, 235),
(598, 1, 2, 494, 236),
(599, 1, 2, 297, 237),
(600, 1, 2, 550, 238),
(601, 1, 2, 418, 239),
(602, 1, 2, 370, 240),
(603, 1, 2, 230, 241),
(604, 1, 2, 410, 242),
(605, 1, 2, 499, 243),
(606, 1, 2, 501, 244),
(607, 1, 2, 504, 245),
(608, 1, 2, 446, 246),
(609, 1, 2, 448, 247),
(610, 1, 2, 505, 248),
(611, 1, 2, 512, 249),
(612, 1, 2, 503, 250),
(613, 1, 2, 278, 251),
(614, 1, 2, 73, 252),
(615, 1, 2, 306, 253),
(616, 1, 2, 254, 254),
(617, 1, 2, 255, 255),
(618, 1, 2, 284, 256),
(619, 1, 3, 385, 1),
(620, 1, 3, 389, 2),
(621, 1, 3, 481, 3),
(622, 1, 3, 524, 4),
(623, 1, 3, 532, 5),
(624, 1, 3, 416, 6),
(625, 1, 3, 456, 7),
(626, 1, 3, 457, 8),
(629, 1, 3, 408, 61),
(630, 1, 3, 78, 62),
(631, 1, 3, 318, 63),
(632, 1, 3, 225, 64),
(633, 1, 3, 198, 65),
(634, 1, 3, 103, 66),
(635, 1, 3, 519, 67),
(636, 1, 3, 523, 68),
(637, 1, 3, 231, 69),
(638, 1, 3, 368, 70),
(639, 1, 3, 494, 71),
(640, 1, 3, 254, 72),
(641, 1, 3, 120, 73),
(642, 1, 3, 4, 74),
(643, 1, 3, 143, 75),
(644, 1, 3, 542, 76),
(645, 1, 3, 66, 77),
(646, 1, 3, 70, 78),
(647, 1, 3, 11, 79),
(648, 1, 3, 245, 80),
(649, 1, 3, 248, 81),
(650, 1, 3, 246, 82),
(651, 1, 3, 253, 83),
(652, 1, 3, 148, 84),
(653, 1, 3, 153, 85),
(654, 1, 3, 15, 86),
(655, 1, 3, 114, 87),
(656, 1, 3, 270, 88),
(657, 1, 3, 388, 89),
(658, 1, 3, 152, 90),
(659, 1, 3, 146, 91),
(660, 1, 3, 265, 92),
(661, 1, 3, 267, 93),
(662, 1, 3, 266, 94),
(663, 1, 3, 268, 95),
(664, 1, 3, 117, 96),
(665, 1, 3, 269, 97),
(666, 1, 3, 256, 98),
(667, 1, 3, 272, 99),
(668, 1, 3, 513, 100),
(669, 1, 3, 116, 101),
(670, 1, 3, 274, 102),
(671, 1, 3, 515, 103),
(672, 1, 3, 112, 104),
(673, 1, 3, 95, 105),
(674, 1, 3, 151, 106),
(675, 1, 3, 96, 107),
(676, 1, 3, 271, 108),
(677, 1, 3, 273, 109),
(678, 1, 3, 97, 110),
(679, 1, 3, 392, 111),
(680, 1, 3, 535, 112),
(681, 1, 3, 533, 113),
(682, 1, 3, 536, 114),
(683, 1, 3, 483, 115),
(684, 1, 3, 485, 116),
(685, 1, 3, 482, 117),
(686, 1, 3, 493, 118),
(687, 1, 3, 491, 119),
(688, 1, 3, 525, 120),
(689, 1, 3, 526, 121),
(690, 1, 3, 537, 122),
(691, 1, 3, 573, 123),
(692, 1, 3, 574, 124),
(693, 1, 3, 419, 125),
(694, 1, 3, 292, 126),
(695, 1, 3, 572, 127),
(696, 1, 3, 424, 128),
(697, 1, 3, 429, 129),
(698, 1, 3, 417, 130),
(699, 1, 3, 421, 131),
(700, 1, 3, 290, 132),
(701, 1, 3, 561, 133),
(702, 1, 3, 568, 134),
(703, 1, 3, 562, 135),
(704, 1, 3, 6, 136),
(705, 1, 3, 9, 137),
(706, 1, 3, 400, 138),
(707, 1, 3, 422, 139),
(708, 1, 3, 291, 140),
(709, 1, 3, 7, 141),
(710, 1, 3, 538, 142),
(711, 1, 3, 394, 143),
(712, 1, 3, 399, 144),
(713, 1, 3, 402, 145),
(714, 1, 3, 566, 146),
(715, 1, 3, 423, 147),
(716, 1, 3, 563, 148),
(717, 1, 3, 529, 149),
(718, 1, 3, 466, 150),
(719, 1, 3, 475, 151),
(720, 1, 3, 89, 152),
(721, 1, 3, 81, 153),
(722, 1, 3, 415, 154),
(723, 1, 3, 82, 155),
(724, 1, 3, 80, 156),
(725, 1, 3, 381, 157),
(726, 1, 3, 319, 158),
(727, 1, 3, 217, 159),
(728, 1, 3, 134, 160),
(729, 1, 3, 121, 161),
(730, 1, 3, 123, 162),
(731, 1, 3, 133, 163),
(732, 1, 3, 122, 164),
(733, 1, 3, 437, 165),
(734, 1, 3, 167, 166),
(735, 1, 3, 176, 167),
(736, 1, 3, 108, 168),
(737, 1, 3, 105, 169),
(738, 1, 3, 141, 170),
(739, 1, 3, 443, 171),
(740, 1, 3, 191, 172),
(741, 1, 3, 447, 173),
(742, 1, 3, 138, 174),
(743, 1, 3, 438, 175),
(744, 1, 3, 444, 176),
(745, 1, 3, 441, 177),
(746, 1, 3, 1, 178),
(747, 1, 3, 383, 179),
(748, 1, 3, 204, 180),
(749, 1, 3, 210, 181),
(750, 1, 3, 229, 182),
(751, 1, 3, 201, 183),
(752, 1, 3, 203, 184),
(753, 1, 3, 205, 185),
(754, 1, 3, 43, 186),
(755, 1, 3, 226, 187),
(756, 1, 3, 104, 188),
(757, 1, 3, 56, 189),
(758, 1, 3, 261, 190),
(759, 1, 3, 140, 191),
(760, 1, 3, 206, 192),
(761, 1, 3, 521, 193),
(762, 1, 3, 277, 194),
(763, 1, 3, 322, 195),
(764, 1, 3, 263, 196),
(765, 1, 3, 257, 197),
(766, 1, 3, 260, 198),
(767, 1, 3, 549, 199),
(768, 1, 3, 377, 200),
(769, 1, 3, 450, 201),
(770, 1, 3, 361, 202),
(771, 1, 3, 552, 203),
(772, 1, 3, 189, 204),
(773, 1, 3, 36, 205),
(774, 1, 3, 376, 206),
(775, 1, 3, 431, 207),
(776, 1, 3, 286, 208),
(777, 1, 3, 433, 209),
(778, 1, 3, 511, 210),
(779, 1, 3, 234, 211),
(780, 1, 3, 373, 212),
(781, 1, 3, 238, 213),
(782, 1, 3, 243, 214),
(783, 1, 3, 297, 215),
(784, 1, 3, 550, 216),
(785, 1, 3, 418, 217),
(786, 1, 3, 370, 218),
(787, 1, 3, 230, 219),
(788, 1, 3, 410, 220),
(789, 1, 3, 499, 221),
(790, 1, 3, 501, 222),
(791, 1, 3, 504, 223),
(792, 1, 3, 446, 224),
(793, 1, 3, 448, 225),
(794, 1, 3, 505, 226),
(795, 1, 3, 512, 227),
(796, 1, 3, 503, 228),
(797, 1, 3, 278, 229),
(798, 1, 3, 73, 230),
(799, 1, 3, 306, 231),
(800, 1, 3, 255, 232),
(801, 1, 3, 284, 233),
(802, 1, 4, 385, 1),
(803, 1, 4, 389, 2),
(804, 1, 4, 481, 3),
(805, 1, 4, 524, 4),
(806, 1, 4, 532, 5),
(807, 1, 4, 416, 6),
(808, 1, 4, 456, 7),
(809, 1, 4, 457, 8),
(812, 1, 4, 408, 61),
(813, 1, 4, 78, 62),
(814, 1, 4, 318, 63),
(815, 1, 4, 225, 64),
(816, 1, 4, 198, 65),
(817, 1, 4, 103, 66),
(818, 1, 4, 519, 67),
(819, 1, 4, 523, 68),
(820, 1, 4, 231, 69),
(821, 1, 4, 368, 70),
(822, 1, 4, 494, 71),
(823, 1, 4, 254, 72),
(824, 1, 4, 120, 73),
(825, 1, 4, 4, 74),
(826, 1, 4, 143, 75),
(827, 1, 4, 542, 76),
(828, 1, 4, 66, 77),
(829, 1, 4, 70, 78),
(830, 1, 4, 11, 79),
(831, 1, 4, 245, 80),
(832, 1, 4, 248, 81),
(833, 1, 4, 246, 82),
(834, 1, 4, 253, 83),
(835, 1, 4, 148, 84),
(836, 1, 4, 153, 85),
(837, 1, 4, 15, 86),
(838, 1, 4, 114, 87),
(839, 1, 4, 270, 88),
(840, 1, 4, 388, 89),
(841, 1, 4, 152, 90),
(842, 1, 4, 146, 91),
(843, 1, 4, 265, 92),
(844, 1, 4, 267, 93),
(845, 1, 4, 266, 94),
(846, 1, 4, 268, 95),
(847, 1, 4, 117, 96),
(848, 1, 4, 269, 97),
(849, 1, 4, 256, 98),
(850, 1, 4, 272, 99),
(851, 1, 4, 513, 100),
(852, 1, 4, 116, 101),
(853, 1, 4, 274, 102),
(854, 1, 4, 515, 103),
(855, 1, 4, 112, 104),
(856, 1, 4, 95, 105),
(857, 1, 4, 151, 106),
(858, 1, 4, 96, 107),
(859, 1, 4, 271, 108),
(860, 1, 4, 273, 109),
(861, 1, 4, 97, 110),
(862, 1, 4, 392, 111),
(863, 1, 4, 535, 112),
(864, 1, 4, 533, 113),
(865, 1, 4, 536, 114),
(866, 1, 4, 483, 115),
(867, 1, 4, 485, 116),
(868, 1, 4, 482, 117),
(869, 1, 4, 493, 118),
(870, 1, 4, 491, 119),
(871, 1, 4, 525, 120),
(872, 1, 4, 526, 121),
(873, 1, 4, 537, 122),
(874, 1, 4, 573, 123),
(875, 1, 4, 574, 124),
(876, 1, 4, 419, 125),
(877, 1, 4, 292, 126),
(878, 1, 4, 572, 127),
(879, 1, 4, 424, 128),
(880, 1, 4, 429, 129),
(881, 1, 4, 417, 130),
(882, 1, 4, 421, 131),
(883, 1, 4, 290, 132),
(884, 1, 4, 561, 133),
(885, 1, 4, 568, 134),
(886, 1, 4, 562, 135),
(887, 1, 4, 6, 136),
(888, 1, 4, 9, 137),
(889, 1, 4, 400, 138),
(890, 1, 4, 422, 139),
(891, 1, 4, 291, 140),
(892, 1, 4, 7, 141),
(893, 1, 4, 538, 142),
(894, 1, 4, 394, 143),
(895, 1, 4, 399, 144),
(896, 1, 4, 402, 145),
(897, 1, 4, 566, 146),
(898, 1, 4, 423, 147),
(899, 1, 4, 563, 148),
(900, 1, 4, 529, 149),
(901, 1, 4, 466, 150),
(902, 1, 4, 475, 151),
(903, 1, 4, 89, 152),
(904, 1, 4, 81, 153),
(905, 1, 4, 415, 154),
(906, 1, 4, 82, 155),
(907, 1, 4, 80, 156),
(908, 1, 4, 381, 157),
(909, 1, 4, 319, 158),
(910, 1, 4, 217, 159),
(911, 1, 4, 134, 160),
(912, 1, 4, 121, 161),
(913, 1, 4, 123, 162),
(914, 1, 4, 133, 163),
(915, 1, 4, 122, 164),
(916, 1, 4, 437, 165),
(917, 1, 4, 167, 166),
(918, 1, 4, 176, 167),
(919, 1, 4, 108, 168),
(920, 1, 4, 105, 169),
(921, 1, 4, 141, 170),
(922, 1, 4, 443, 171),
(923, 1, 4, 191, 172),
(924, 1, 4, 447, 173),
(925, 1, 4, 138, 174),
(926, 1, 4, 438, 175),
(927, 1, 4, 444, 176),
(928, 1, 4, 441, 177),
(929, 1, 4, 1, 178),
(930, 1, 4, 383, 179),
(931, 1, 4, 204, 180),
(932, 1, 4, 210, 181),
(933, 1, 4, 229, 182),
(934, 1, 4, 201, 183),
(935, 1, 4, 203, 184),
(936, 1, 4, 205, 185),
(937, 1, 4, 43, 186),
(938, 1, 4, 226, 187),
(939, 1, 4, 104, 188),
(940, 1, 4, 56, 189),
(941, 1, 4, 261, 190),
(942, 1, 4, 140, 191),
(943, 1, 4, 206, 192),
(944, 1, 4, 521, 193),
(945, 1, 4, 277, 194),
(946, 1, 4, 322, 195),
(947, 1, 4, 263, 196),
(948, 1, 4, 257, 197),
(949, 1, 4, 260, 198),
(950, 1, 4, 549, 199),
(951, 1, 4, 377, 200),
(952, 1, 4, 450, 201),
(953, 1, 4, 361, 202),
(954, 1, 4, 552, 203),
(955, 1, 4, 189, 204),
(956, 1, 4, 36, 205),
(957, 1, 4, 376, 206),
(958, 1, 4, 431, 207),
(959, 1, 4, 286, 208),
(960, 1, 4, 433, 209),
(961, 1, 4, 511, 210),
(962, 1, 4, 234, 211),
(963, 1, 4, 373, 212),
(964, 1, 4, 238, 213),
(965, 1, 4, 243, 214),
(966, 1, 4, 297, 215),
(967, 1, 4, 550, 216),
(968, 1, 4, 418, 217),
(969, 1, 4, 370, 218),
(970, 1, 4, 230, 219),
(971, 1, 4, 410, 220),
(972, 1, 4, 499, 221),
(973, 1, 4, 501, 222),
(974, 1, 4, 504, 223),
(975, 1, 4, 446, 224),
(976, 1, 4, 448, 225),
(977, 1, 4, 505, 226),
(978, 1, 4, 512, 227),
(979, 1, 4, 503, 228),
(980, 1, 4, 278, 229),
(981, 1, 4, 73, 230),
(982, 1, 4, 306, 231),
(983, 1, 4, 255, 232),
(984, 1, 4, 284, 233),
(987, 1, 5, 385, 53),
(988, 1, 5, 389, 54),
(989, 1, 5, 481, 55),
(990, 1, 5, 524, 56),
(991, 1, 5, 532, 57),
(992, 1, 5, 416, 58),
(993, 1, 5, 456, 59),
(994, 1, 5, 457, 60),
(995, 1, 5, 408, 61),
(996, 1, 5, 78, 62),
(997, 1, 5, 318, 63),
(998, 1, 5, 225, 64),
(999, 1, 5, 198, 65),
(1000, 1, 5, 103, 66),
(1001, 1, 5, 519, 67),
(1002, 1, 5, 523, 68),
(1003, 1, 5, 231, 69),
(1004, 1, 5, 368, 70),
(1005, 1, 5, 494, 71),
(1006, 1, 5, 254, 72),
(1007, 1, 5, 120, 73),
(1008, 1, 5, 4, 74),
(1009, 1, 5, 143, 75),
(1010, 1, 5, 148, 76),
(1011, 1, 5, 153, 77),
(1012, 1, 5, 15, 78),
(1013, 1, 5, 114, 79),
(1014, 1, 5, 270, 80),
(1015, 1, 5, 388, 81),
(1016, 1, 5, 152, 82),
(1017, 1, 5, 146, 83),
(1018, 1, 5, 265, 84),
(1019, 1, 5, 267, 85),
(1020, 1, 5, 266, 86),
(1021, 1, 5, 268, 87),
(1022, 1, 5, 117, 88),
(1023, 1, 5, 269, 89),
(1024, 1, 5, 256, 90),
(1025, 1, 5, 272, 91),
(1026, 1, 5, 513, 92),
(1027, 1, 5, 116, 93),
(1028, 1, 5, 274, 94),
(1029, 1, 5, 515, 95),
(1030, 1, 5, 112, 96),
(1031, 1, 5, 95, 97),
(1032, 1, 5, 151, 98),
(1033, 1, 5, 96, 99),
(1034, 1, 5, 271, 100),
(1035, 1, 5, 273, 101),
(1036, 1, 5, 97, 102),
(1037, 1, 5, 392, 103),
(1038, 1, 5, 535, 104),
(1039, 1, 5, 533, 105),
(1040, 1, 5, 536, 106),
(1041, 1, 5, 483, 107),
(1042, 1, 5, 485, 108),
(1043, 1, 5, 482, 109),
(1044, 1, 5, 493, 110),
(1045, 1, 5, 491, 111),
(1046, 1, 5, 525, 112),
(1047, 1, 5, 526, 113),
(1048, 1, 5, 537, 114),
(1049, 1, 5, 573, 115),
(1050, 1, 5, 574, 116),
(1051, 1, 5, 419, 117),
(1052, 1, 5, 292, 118),
(1053, 1, 5, 572, 119),
(1054, 1, 5, 424, 120),
(1055, 1, 5, 429, 121),
(1056, 1, 5, 417, 122),
(1057, 1, 5, 421, 123),
(1058, 1, 5, 290, 124),
(1059, 1, 5, 561, 125),
(1060, 1, 5, 568, 126),
(1061, 1, 5, 562, 127),
(1062, 1, 5, 6, 128),
(1063, 1, 5, 9, 129),
(1064, 1, 5, 400, 130),
(1065, 1, 5, 422, 131),
(1066, 1, 5, 291, 132),
(1067, 1, 5, 7, 133),
(1068, 1, 5, 538, 134),
(1069, 1, 5, 394, 135),
(1070, 1, 5, 399, 136),
(1071, 1, 5, 402, 137),
(1072, 1, 5, 566, 138),
(1073, 1, 5, 423, 139),
(1074, 1, 5, 563, 140),
(1075, 1, 5, 529, 141),
(1076, 1, 5, 466, 142),
(1077, 1, 5, 475, 143),
(1078, 1, 5, 89, 144),
(1079, 1, 5, 81, 145),
(1080, 1, 5, 415, 146),
(1081, 1, 5, 82, 147),
(1082, 1, 5, 80, 148),
(1083, 1, 5, 381, 149),
(1084, 1, 5, 319, 150),
(1085, 1, 5, 217, 151),
(1086, 1, 5, 134, 152),
(1087, 1, 5, 121, 153),
(1088, 1, 5, 123, 154),
(1089, 1, 5, 133, 155),
(1090, 1, 5, 122, 156),
(1091, 1, 5, 437, 157),
(1092, 1, 5, 167, 158),
(1093, 1, 5, 176, 159),
(1094, 1, 5, 108, 160),
(1095, 1, 5, 105, 161),
(1096, 1, 5, 141, 162),
(1097, 1, 5, 443, 163),
(1098, 1, 5, 191, 164),
(1099, 1, 5, 447, 165),
(1100, 1, 5, 138, 166),
(1101, 1, 5, 438, 167),
(1102, 1, 5, 444, 168),
(1103, 1, 5, 441, 169),
(1104, 1, 5, 1, 170),
(1105, 1, 5, 383, 171),
(1106, 1, 5, 204, 172),
(1107, 1, 5, 210, 173),
(1108, 1, 5, 229, 174),
(1109, 1, 5, 201, 175),
(1110, 1, 5, 203, 176),
(1111, 1, 5, 205, 177),
(1112, 1, 5, 43, 178),
(1113, 1, 5, 226, 179),
(1114, 1, 5, 104, 180),
(1115, 1, 5, 56, 181),
(1116, 1, 5, 261, 182),
(1117, 1, 5, 140, 183),
(1118, 1, 5, 206, 184),
(1119, 1, 5, 521, 185),
(1120, 1, 5, 277, 186),
(1121, 1, 5, 322, 187),
(1122, 1, 5, 263, 188),
(1123, 1, 5, 257, 189),
(1124, 1, 5, 260, 190),
(1125, 1, 5, 549, 191),
(1126, 1, 5, 377, 192),
(1127, 1, 5, 450, 193),
(1128, 1, 5, 361, 194),
(1129, 1, 5, 552, 195),
(1130, 1, 5, 189, 196),
(1131, 1, 5, 36, 197),
(1132, 1, 5, 376, 198),
(1133, 1, 5, 431, 199),
(1134, 1, 5, 286, 200),
(1135, 1, 5, 433, 201),
(1136, 1, 5, 511, 202),
(1137, 1, 5, 234, 203),
(1138, 1, 5, 373, 204),
(1139, 1, 5, 238, 205),
(1140, 1, 5, 243, 206),
(1141, 1, 5, 297, 207),
(1142, 1, 5, 550, 208),
(1143, 1, 5, 418, 209),
(1144, 1, 5, 370, 210),
(1145, 1, 5, 230, 211),
(1146, 1, 5, 410, 212),
(1147, 1, 5, 499, 213),
(1148, 1, 5, 501, 214),
(1149, 1, 5, 504, 215),
(1150, 1, 5, 446, 216),
(1151, 1, 5, 448, 217),
(1152, 1, 5, 505, 218),
(1153, 1, 5, 512, 219),
(1154, 1, 5, 503, 220),
(1155, 1, 5, 278, 221),
(1156, 1, 5, 73, 222),
(1157, 1, 5, 306, 223),
(1158, 1, 5, 255, 224),
(1159, 1, 5, 284, 225),
(1160, 1, 6, 324, 1),
(1161, 1, 6, 325, 2),
(1162, 1, 6, 326, 3),
(1163, 1, 6, 327, 4),
(1164, 1, 6, 328, 5),
(1165, 1, 6, 329, 6),
(1166, 1, 6, 330, 7),
(1167, 1, 6, 331, 8),
(1168, 1, 6, 332, 9),
(1169, 1, 6, 333, 10),
(1170, 1, 6, 334, 11),
(1171, 1, 6, 335, 12),
(1172, 1, 6, 336, 13),
(1173, 1, 6, 337, 14),
(1174, 1, 6, 338, 15),
(1175, 1, 6, 339, 16),
(1176, 1, 6, 340, 17),
(1177, 1, 6, 341, 18),
(1178, 1, 6, 342, 19),
(1179, 1, 6, 343, 20),
(1180, 1, 6, 344, 21),
(1181, 1, 6, 345, 22),
(1182, 1, 6, 346, 23),
(1183, 1, 6, 347, 24),
(1184, 1, 6, 348, 25),
(1185, 1, 6, 349, 26),
(1186, 1, 6, 350, 27),
(1187, 1, 6, 351, 28),
(1188, 1, 6, 352, 29),
(1189, 1, 6, 353, 30),
(1190, 1, 6, 354, 31),
(1191, 1, 6, 355, 32),
(1192, 1, 6, 356, 33),
(1193, 1, 6, 357, 34),
(1194, 1, 6, 358, 35),
(1195, 1, 6, 359, 36),
(1196, 1, 6, 360, 37),
(1197, 1, 6, 303, 38),
(1198, 1, 6, 304, 39),
(1199, 1, 6, 305, 40),
(1200, 1, 6, 306, 41),
(1201, 1, 6, 307, 42),
(1202, 1, 6, 308, 43),
(1203, 1, 6, 309, 44),
(1204, 1, 6, 310, 45),
(1205, 1, 6, 311, 46),
(1206, 1, 6, 312, 47),
(1207, 1, 6, 313, 48),
(1208, 1, 6, 314, 49),
(1209, 1, 6, 315, 50),
(1210, 1, 6, 316, 51),
(1211, 1, 6, 317, 52),
(1212, 1, 6, 385, 53),
(1213, 1, 6, 389, 54),
(1214, 1, 6, 481, 55),
(1215, 1, 6, 524, 56),
(1216, 1, 6, 532, 57),
(1217, 1, 6, 416, 58),
(1218, 1, 6, 456, 59),
(1219, 1, 6, 457, 60),
(1220, 1, 6, 408, 61),
(1221, 1, 6, 78, 62),
(1222, 1, 6, 318, 63),
(1223, 1, 6, 225, 64),
(1224, 1, 6, 198, 65),
(1225, 1, 6, 103, 66),
(1226, 1, 6, 519, 67),
(1227, 1, 6, 523, 68),
(1228, 1, 6, 231, 69),
(1229, 1, 6, 368, 70),
(1230, 1, 6, 494, 71),
(1231, 1, 6, 254, 72),
(1232, 1, 6, 120, 73),
(1233, 1, 6, 4, 74),
(1234, 1, 6, 143, 75),
(1235, 1, 6, 535, 76),
(1236, 1, 6, 533, 77),
(1237, 1, 6, 536, 78),
(1238, 1, 6, 483, 79),
(1239, 1, 6, 485, 80),
(1240, 1, 6, 482, 81),
(1241, 1, 6, 493, 82),
(1242, 1, 6, 491, 83),
(1243, 1, 6, 525, 84),
(1244, 1, 6, 526, 85),
(1245, 1, 6, 537, 86),
(1246, 1, 6, 573, 87),
(1247, 1, 6, 574, 88),
(1248, 1, 6, 419, 89),
(1249, 1, 6, 292, 90),
(1250, 1, 6, 572, 91),
(1251, 1, 6, 424, 92),
(1252, 1, 6, 429, 93),
(1253, 1, 6, 417, 94),
(1254, 1, 6, 421, 95),
(1255, 1, 6, 290, 96),
(1256, 1, 6, 561, 97),
(1257, 1, 6, 568, 98),
(1258, 1, 6, 562, 99),
(1259, 1, 6, 6, 100),
(1260, 1, 6, 9, 101),
(1261, 1, 6, 400, 102),
(1262, 1, 6, 422, 103),
(1263, 1, 6, 291, 104),
(1264, 1, 6, 7, 105),
(1265, 1, 6, 538, 106),
(1266, 1, 6, 394, 107),
(1267, 1, 6, 399, 108),
(1268, 1, 6, 402, 109),
(1269, 1, 6, 566, 110),
(1270, 1, 6, 423, 111),
(1271, 1, 6, 563, 112),
(1272, 1, 6, 529, 113),
(1273, 1, 6, 466, 114),
(1274, 1, 6, 475, 115),
(1275, 1, 6, 89, 116),
(1276, 1, 6, 81, 117),
(1277, 1, 6, 415, 118),
(1278, 1, 6, 82, 119),
(1279, 1, 6, 80, 120),
(1280, 1, 6, 381, 121),
(1281, 1, 6, 319, 122),
(1282, 1, 6, 217, 123),
(1283, 1, 6, 134, 124),
(1284, 1, 6, 121, 125),
(1285, 1, 6, 123, 126),
(1286, 1, 6, 133, 127),
(1287, 1, 6, 122, 128),
(1288, 1, 6, 437, 129),
(1289, 1, 6, 167, 130),
(1290, 1, 6, 176, 131),
(1291, 1, 6, 108, 132),
(1292, 1, 6, 105, 133),
(1293, 1, 6, 141, 134),
(1294, 1, 6, 443, 135),
(1295, 1, 6, 191, 136),
(1296, 1, 6, 447, 137),
(1297, 1, 6, 138, 138),
(1298, 1, 6, 438, 139),
(1299, 1, 6, 444, 140),
(1300, 1, 6, 441, 141),
(1301, 1, 6, 1, 142),
(1302, 1, 6, 383, 143),
(1303, 1, 6, 204, 144),
(1304, 1, 6, 210, 145),
(1305, 1, 6, 229, 146),
(1306, 1, 6, 201, 147),
(1307, 1, 6, 203, 148),
(1308, 1, 6, 205, 149),
(1309, 1, 6, 43, 150),
(1310, 1, 6, 226, 151),
(1311, 1, 6, 104, 152),
(1312, 1, 6, 56, 153),
(1313, 1, 6, 261, 154),
(1314, 1, 6, 140, 155),
(1315, 1, 6, 127, 156),
(1316, 1, 6, 132, 157),
(1317, 1, 6, 129, 158),
(1318, 1, 6, 136, 159),
(1319, 1, 6, 61, 160),
(1320, 1, 6, 206, 161),
(1321, 1, 6, 521, 162),
(1322, 1, 6, 277, 163),
(1323, 1, 6, 322, 164),
(1324, 1, 6, 263, 165),
(1325, 1, 6, 257, 166),
(1326, 1, 6, 260, 167),
(1327, 1, 6, 549, 168),
(1328, 1, 6, 377, 169),
(1329, 1, 6, 450, 170),
(1330, 1, 6, 361, 171),
(1331, 1, 6, 552, 172),
(1332, 1, 6, 189, 173),
(1333, 1, 6, 36, 174),
(1334, 1, 6, 376, 175),
(1335, 1, 6, 431, 176),
(1336, 1, 6, 286, 177),
(1337, 1, 6, 433, 178),
(1338, 1, 6, 511, 179),
(1339, 1, 6, 234, 180),
(1340, 1, 6, 373, 181),
(1341, 1, 6, 238, 182),
(1342, 1, 6, 243, 183),
(1343, 1, 6, 297, 184),
(1344, 1, 6, 550, 185),
(1345, 1, 6, 418, 186),
(1346, 1, 6, 370, 187),
(1347, 1, 6, 230, 188),
(1348, 1, 6, 410, 189),
(1349, 1, 6, 499, 190),
(1350, 1, 6, 501, 191),
(1351, 1, 6, 504, 192),
(1352, 1, 6, 446, 193),
(1353, 1, 6, 448, 194),
(1354, 1, 6, 505, 195),
(1355, 1, 6, 512, 196),
(1356, 1, 6, 503, 197),
(1357, 1, 6, 278, 198),
(1358, 1, 6, 73, 199),
(1359, 1, 6, 256, 200),
(1360, 1, 6, 255, 201),
(1361, 1, 6, 284, 202),
(1362, 1, 7, 324, 1),
(1363, 1, 7, 325, 2),
(1364, 1, 7, 326, 3),
(1365, 1, 7, 327, 4),
(1366, 1, 7, 328, 5),
(1367, 1, 7, 329, 6),
(1368, 1, 7, 330, 7),
(1369, 1, 7, 331, 8),
(1370, 1, 7, 332, 9),
(1371, 1, 7, 333, 10),
(1372, 1, 7, 334, 11),
(1373, 1, 7, 335, 12),
(1374, 1, 7, 336, 13),
(1375, 1, 7, 337, 14),
(1376, 1, 7, 338, 15),
(1377, 1, 7, 339, 16),
(1378, 1, 7, 340, 17),
(1379, 1, 7, 341, 18),
(1380, 1, 7, 342, 19),
(1381, 1, 7, 343, 20),
(1382, 1, 7, 344, 21),
(1383, 1, 7, 345, 22),
(1384, 1, 7, 346, 23),
(1385, 1, 7, 347, 24),
(1386, 1, 7, 348, 25),
(1387, 1, 7, 349, 26),
(1388, 1, 7, 350, 27),
(1389, 1, 7, 351, 28),
(1390, 1, 7, 352, 29),
(1391, 1, 7, 353, 30),
(1392, 1, 7, 354, 31),
(1393, 1, 7, 355, 32),
(1394, 1, 7, 356, 33),
(1395, 1, 7, 357, 34),
(1396, 1, 7, 358, 35),
(1397, 1, 7, 359, 36),
(1398, 1, 7, 360, 37),
(1399, 1, 7, 303, 38),
(1400, 1, 7, 304, 39),
(1401, 1, 7, 305, 40),
(1402, 1, 7, 306, 41),
(1403, 1, 7, 307, 42),
(1404, 1, 7, 308, 43),
(1405, 1, 7, 309, 44),
(1406, 1, 7, 310, 45),
(1407, 1, 7, 311, 46),
(1408, 1, 7, 312, 47),
(1409, 1, 7, 313, 48),
(1410, 1, 7, 314, 49),
(1411, 1, 7, 315, 50),
(1412, 1, 7, 316, 51),
(1413, 1, 7, 317, 52),
(1414, 1, 7, 385, 53),
(1415, 1, 7, 389, 54),
(1416, 1, 7, 481, 55),
(1417, 1, 7, 524, 56),
(1418, 1, 7, 532, 57),
(1419, 1, 7, 416, 58),
(1420, 1, 7, 456, 59),
(1421, 1, 7, 457, 60),
(1422, 1, 7, 408, 61),
(1423, 1, 7, 78, 62),
(1424, 1, 7, 318, 63),
(1425, 1, 7, 225, 64),
(1426, 1, 7, 198, 65),
(1427, 1, 7, 103, 66),
(1428, 1, 7, 519, 67),
(1429, 1, 7, 523, 68),
(1430, 1, 7, 231, 69),
(1431, 1, 7, 368, 70),
(1432, 1, 7, 494, 71),
(1433, 1, 7, 254, 72),
(1434, 1, 7, 120, 73),
(1435, 1, 7, 4, 74),
(1436, 1, 7, 143, 75),
(1437, 1, 7, 535, 76),
(1438, 1, 7, 533, 77),
(1439, 1, 7, 536, 78),
(1440, 1, 7, 483, 79),
(1441, 1, 7, 485, 80),
(1442, 1, 7, 482, 81),
(1443, 1, 7, 493, 82),
(1444, 1, 7, 491, 83),
(1445, 1, 7, 525, 84),
(1446, 1, 7, 526, 85),
(1447, 1, 7, 537, 86),
(1448, 1, 7, 573, 87),
(1449, 1, 7, 574, 88),
(1450, 1, 7, 419, 89),
(1451, 1, 7, 292, 90),
(1452, 1, 7, 572, 91),
(1453, 1, 7, 424, 92),
(1454, 1, 7, 429, 93),
(1455, 1, 7, 417, 94),
(1456, 1, 7, 421, 95),
(1457, 1, 7, 290, 96),
(1458, 1, 7, 561, 97),
(1459, 1, 7, 568, 98),
(1460, 1, 7, 562, 99),
(1461, 1, 7, 6, 100),
(1462, 1, 7, 9, 101),
(1463, 1, 7, 400, 102),
(1464, 1, 7, 422, 103),
(1465, 1, 7, 291, 104),
(1466, 1, 7, 7, 105),
(1467, 1, 7, 538, 106),
(1468, 1, 7, 394, 107),
(1469, 1, 7, 399, 108),
(1470, 1, 7, 402, 109),
(1471, 1, 7, 566, 110),
(1472, 1, 7, 423, 111),
(1473, 1, 7, 563, 112),
(1474, 1, 7, 529, 113),
(1475, 1, 7, 466, 114),
(1476, 1, 7, 475, 115),
(1477, 1, 7, 89, 116),
(1478, 1, 7, 81, 117),
(1479, 1, 7, 415, 118),
(1480, 1, 7, 82, 119),
(1481, 1, 7, 80, 120),
(1482, 1, 7, 381, 121),
(1483, 1, 7, 319, 122),
(1484, 1, 7, 217, 123),
(1485, 1, 7, 134, 124),
(1486, 1, 7, 121, 125),
(1487, 1, 7, 123, 126),
(1488, 1, 7, 133, 127),
(1489, 1, 7, 122, 128),
(1490, 1, 7, 437, 129),
(1491, 1, 7, 167, 130),
(1492, 1, 7, 176, 131),
(1493, 1, 7, 108, 132),
(1494, 1, 7, 105, 133),
(1495, 1, 7, 141, 134),
(1496, 1, 7, 443, 135),
(1497, 1, 7, 191, 136),
(1498, 1, 7, 447, 137),
(1499, 1, 7, 138, 138),
(1500, 1, 7, 438, 139),
(1501, 1, 7, 444, 140),
(1502, 1, 7, 441, 141),
(1503, 1, 7, 1, 142),
(1504, 1, 7, 383, 143),
(1505, 1, 7, 204, 144),
(1506, 1, 7, 210, 145),
(1507, 1, 7, 229, 146),
(1508, 1, 7, 201, 147),
(1509, 1, 7, 203, 148),
(1510, 1, 7, 205, 149),
(1511, 1, 7, 43, 150),
(1512, 1, 7, 226, 151),
(1513, 1, 7, 104, 152),
(1514, 1, 7, 56, 153),
(1515, 1, 7, 261, 154),
(1516, 1, 7, 140, 155),
(1517, 1, 7, 127, 156),
(1518, 1, 7, 132, 157),
(1519, 1, 7, 129, 158),
(1520, 1, 7, 136, 159),
(1521, 1, 7, 61, 160),
(1522, 1, 7, 206, 161),
(1523, 1, 7, 521, 162),
(1524, 1, 7, 277, 163),
(1525, 1, 7, 322, 164),
(1526, 1, 7, 263, 165),
(1527, 1, 7, 257, 166),
(1528, 1, 7, 260, 167),
(1529, 1, 7, 549, 168),
(1530, 1, 7, 377, 169),
(1531, 1, 7, 450, 170),
(1532, 1, 7, 361, 171),
(1533, 1, 7, 552, 172),
(1534, 1, 7, 189, 173),
(1535, 1, 7, 36, 174),
(1536, 1, 7, 376, 175),
(1537, 1, 7, 431, 176),
(1538, 1, 7, 286, 177),
(1539, 1, 7, 433, 178),
(1540, 1, 7, 511, 179),
(1541, 1, 7, 234, 180),
(1542, 1, 7, 373, 181),
(1543, 1, 7, 238, 182),
(1544, 1, 7, 243, 183),
(1545, 1, 7, 297, 184),
(1546, 1, 7, 550, 185),
(1547, 1, 7, 418, 186),
(1548, 1, 7, 370, 187),
(1549, 1, 7, 230, 188),
(1550, 1, 7, 410, 189),
(1551, 1, 7, 499, 190),
(1552, 1, 7, 501, 191),
(1553, 1, 7, 504, 192),
(1554, 1, 7, 446, 193),
(1555, 1, 7, 448, 194),
(1556, 1, 7, 505, 195),
(1557, 1, 7, 512, 196),
(1558, 1, 7, 503, 197),
(1559, 1, 7, 278, 198),
(1560, 1, 7, 73, 199),
(1561, 1, 7, 256, 200),
(1562, 1, 7, 255, 201),
(1563, 1, 7, 284, 202),
(1564, 1, 8, 324, 1),
(1565, 1, 8, 325, 2),
(1566, 1, 8, 326, 3),
(1567, 1, 8, 327, 4),
(1568, 1, 8, 328, 5),
(1569, 1, 8, 329, 6),
(1570, 1, 8, 330, 7),
(1571, 1, 8, 331, 8),
(1572, 1, 8, 332, 9),
(1573, 1, 8, 333, 10),
(1574, 1, 8, 334, 11),
(1575, 1, 8, 335, 12),
(1576, 1, 8, 336, 13),
(1577, 1, 8, 338, 14),
(1578, 1, 8, 339, 15),
(1579, 1, 8, 340, 16),
(1580, 1, 8, 341, 17),
(1581, 1, 8, 342, 18),
(1582, 1, 8, 343, 19),
(1583, 1, 8, 344, 20),
(1584, 1, 8, 345, 21),
(1585, 1, 8, 346, 22),
(1586, 1, 8, 347, 23),
(1587, 1, 8, 348, 24),
(1588, 1, 8, 349, 25),
(1589, 1, 8, 350, 26),
(1590, 1, 8, 351, 27),
(1591, 1, 8, 352, 28),
(1592, 1, 8, 353, 29),
(1593, 1, 8, 354, 30),
(1594, 1, 8, 355, 31),
(1595, 1, 8, 356, 32),
(1596, 1, 8, 357, 33),
(1597, 1, 8, 358, 34),
(1598, 1, 8, 359, 35),
(1599, 1, 8, 360, 36),
(1600, 1, 8, 303, 37),
(1601, 1, 8, 304, 38),
(1602, 1, 8, 305, 39),
(1603, 1, 8, 306, 40),
(1604, 1, 8, 307, 41),
(1605, 1, 8, 308, 42),
(1606, 1, 8, 309, 43),
(1607, 1, 8, 310, 44),
(1608, 1, 8, 311, 45),
(1609, 1, 8, 312, 46),
(1610, 1, 8, 313, 47),
(1611, 1, 8, 314, 48),
(1612, 1, 8, 315, 49),
(1613, 1, 8, 316, 50),
(1614, 1, 8, 317, 51),
(1615, 1, 8, 385, 52),
(1616, 1, 8, 389, 53),
(1617, 1, 8, 481, 54),
(1618, 1, 8, 524, 55),
(1619, 1, 8, 532, 56),
(1620, 1, 8, 416, 57),
(1621, 1, 8, 456, 58),
(1622, 1, 8, 457, 59),
(1623, 1, 8, 408, 60),
(1624, 1, 8, 78, 61),
(1625, 1, 8, 318, 62),
(1626, 1, 8, 225, 63),
(1627, 1, 8, 198, 64),
(1628, 1, 8, 103, 65),
(1629, 1, 8, 519, 66),
(1630, 1, 8, 523, 67),
(1631, 1, 8, 231, 68),
(1632, 1, 8, 368, 69),
(1633, 1, 8, 494, 70),
(1634, 1, 8, 254, 71),
(1635, 1, 8, 120, 72),
(1636, 1, 8, 4, 73),
(1637, 1, 8, 143, 74),
(1638, 1, 8, 535, 75),
(1639, 1, 8, 533, 76),
(1640, 1, 8, 536, 77),
(1641, 1, 8, 483, 78),
(1642, 1, 8, 485, 79),
(1643, 1, 8, 482, 80),
(1644, 1, 8, 493, 81),
(1645, 1, 8, 491, 82),
(1646, 1, 8, 525, 83),
(1647, 1, 8, 526, 84),
(1648, 1, 8, 537, 85),
(1649, 1, 8, 573, 86),
(1650, 1, 8, 574, 87),
(1651, 1, 8, 419, 88),
(1652, 1, 8, 292, 89),
(1653, 1, 8, 572, 90),
(1654, 1, 8, 424, 91),
(1655, 1, 8, 429, 92),
(1656, 1, 8, 417, 93),
(1657, 1, 8, 421, 94),
(1658, 1, 8, 290, 95),
(1659, 1, 8, 561, 96),
(1660, 1, 8, 562, 97),
(1661, 1, 8, 6, 98),
(1662, 1, 8, 9, 99),
(1663, 1, 8, 400, 100),
(1664, 1, 8, 422, 101),
(1665, 1, 8, 291, 102),
(1666, 1, 8, 7, 103),
(1667, 1, 8, 538, 104),
(1668, 1, 8, 394, 105),
(1669, 1, 8, 399, 106),
(1670, 1, 8, 402, 107),
(1671, 1, 8, 566, 108),
(1672, 1, 8, 423, 109),
(1673, 1, 8, 563, 110),
(1674, 1, 8, 529, 111),
(1675, 1, 8, 466, 112),
(1676, 1, 8, 475, 113),
(1677, 1, 8, 89, 114),
(1678, 1, 8, 81, 115),
(1679, 1, 8, 415, 116),
(1680, 1, 8, 82, 117),
(1681, 1, 8, 80, 118),
(1682, 1, 8, 381, 119),
(1683, 1, 8, 319, 120),
(1684, 1, 8, 217, 121),
(1685, 1, 8, 134, 122),
(1686, 1, 8, 121, 123),
(1687, 1, 8, 123, 124),
(1688, 1, 8, 133, 125),
(1689, 1, 8, 122, 126),
(1690, 1, 8, 437, 127),
(1691, 1, 8, 167, 128),
(1692, 1, 8, 176, 129),
(1693, 1, 8, 108, 130),
(1694, 1, 8, 105, 131),
(1695, 1, 8, 141, 132),
(1696, 1, 8, 443, 133),
(1697, 1, 8, 191, 134),
(1698, 1, 8, 447, 135),
(1699, 1, 8, 138, 136),
(1700, 1, 8, 438, 137),
(1701, 1, 8, 444, 138),
(1702, 1, 8, 441, 139),
(1703, 1, 8, 1, 140),
(1704, 1, 8, 383, 141),
(1705, 1, 8, 204, 142),
(1706, 1, 8, 210, 143),
(1707, 1, 8, 229, 144),
(1708, 1, 8, 201, 145),
(1709, 1, 8, 203, 146),
(1710, 1, 8, 205, 147),
(1711, 1, 8, 43, 148),
(1712, 1, 8, 226, 149),
(1713, 1, 8, 104, 150),
(1714, 1, 8, 56, 151),
(1715, 1, 8, 261, 152),
(1716, 1, 8, 140, 153),
(1717, 1, 8, 127, 154),
(1718, 1, 8, 132, 155),
(1719, 1, 8, 129, 156),
(1720, 1, 8, 136, 157),
(1721, 1, 8, 61, 158),
(1722, 1, 8, 206, 159),
(1723, 1, 8, 521, 160),
(1724, 1, 8, 277, 161),
(1725, 1, 8, 322, 162),
(1726, 1, 8, 263, 163),
(1727, 1, 8, 257, 164),
(1728, 1, 8, 260, 165),
(1729, 1, 8, 549, 166),
(1730, 1, 8, 377, 167),
(1731, 1, 8, 450, 168),
(1732, 1, 8, 361, 169),
(1733, 1, 8, 552, 170),
(1734, 1, 8, 189, 171),
(1735, 1, 8, 36, 172),
(1736, 1, 8, 376, 173),
(1737, 1, 8, 431, 174),
(1738, 1, 8, 286, 175),
(1739, 1, 8, 433, 176),
(1740, 1, 8, 511, 177),
(1741, 1, 8, 234, 178),
(1742, 1, 8, 373, 179),
(1743, 1, 8, 238, 180),
(1744, 1, 8, 243, 181),
(1745, 1, 8, 297, 182),
(1746, 1, 8, 550, 183),
(1747, 1, 8, 418, 184),
(1748, 1, 8, 370, 185),
(1749, 1, 8, 230, 186),
(1750, 1, 8, 410, 187),
(1751, 1, 8, 499, 188),
(1752, 1, 8, 501, 189),
(1753, 1, 8, 504, 190),
(1754, 1, 8, 446, 191),
(1755, 1, 8, 448, 192),
(1756, 1, 8, 505, 193),
(1757, 1, 8, 512, 194),
(1758, 1, 8, 503, 195),
(1759, 1, 8, 278, 196),
(1760, 1, 8, 73, 197),
(1761, 1, 8, 256, 198),
(1762, 1, 8, 255, 199),
(1763, 1, 8, 284, 200),
(1764, 1, 9, 324, 1),
(1765, 1, 9, 325, 2),
(1766, 1, 9, 326, 3),
(1767, 1, 9, 327, 4),
(1768, 1, 9, 328, 5),
(1769, 1, 9, 329, 6),
(1770, 1, 9, 330, 7),
(1771, 1, 9, 331, 8),
(1772, 1, 9, 332, 9),
(1773, 1, 9, 333, 10),
(1774, 1, 9, 334, 11),
(1775, 1, 9, 335, 12),
(1776, 1, 9, 336, 13),
(1777, 1, 9, 337, 14),
(1778, 1, 9, 338, 15),
(1779, 1, 9, 339, 16),
(1780, 1, 9, 340, 17),
(1781, 1, 9, 341, 18),
(1782, 1, 9, 342, 19),
(1783, 1, 9, 343, 20),
(1784, 1, 9, 344, 21),
(1785, 1, 9, 345, 22),
(1786, 1, 9, 346, 23),
(1787, 1, 9, 347, 24),
(1788, 1, 9, 348, 25),
(1789, 1, 9, 349, 26),
(1790, 1, 9, 350, 27),
(1791, 1, 9, 351, 28),
(1792, 1, 9, 352, 29),
(1793, 1, 9, 353, 30),
(1794, 1, 9, 354, 31),
(1795, 1, 9, 355, 32),
(1796, 1, 9, 356, 33),
(1797, 1, 9, 357, 34),
(1798, 1, 9, 358, 35),
(1799, 1, 9, 359, 36),
(1800, 1, 9, 360, 37),
(1801, 1, 9, 303, 38),
(1802, 1, 9, 304, 39),
(1803, 1, 9, 305, 40),
(1804, 1, 9, 306, 41),
(1805, 1, 9, 307, 42),
(1806, 1, 9, 308, 43),
(1807, 1, 9, 309, 44),
(1808, 1, 9, 310, 45),
(1809, 1, 9, 311, 46),
(1810, 1, 9, 312, 47),
(1811, 1, 9, 313, 48),
(1812, 1, 9, 314, 49),
(1813, 1, 9, 315, 50),
(1814, 1, 9, 316, 51),
(1815, 1, 9, 317, 52),
(1816, 1, 9, 456, 53),
(1817, 1, 9, 457, 54),
(1818, 1, 9, 408, 55),
(1819, 1, 9, 78, 56),
(1820, 1, 9, 318, 57),
(1821, 1, 9, 225, 58),
(1822, 1, 9, 198, 59),
(1823, 1, 9, 103, 60),
(1824, 1, 9, 519, 61),
(1825, 1, 9, 523, 62),
(1826, 1, 9, 231, 63),
(1827, 1, 9, 368, 64),
(1828, 1, 9, 494, 65),
(1829, 1, 9, 254, 66),
(1830, 1, 9, 415, 67),
(1831, 1, 9, 82, 68),
(1832, 1, 9, 80, 69),
(1833, 1, 9, 381, 70),
(1834, 1, 9, 319, 71),
(1835, 1, 9, 217, 72),
(1836, 1, 9, 134, 73),
(1837, 1, 9, 121, 74),
(1838, 1, 9, 123, 75),
(1839, 1, 9, 133, 76),
(1840, 1, 9, 122, 77),
(1841, 1, 9, 437, 78),
(1842, 1, 9, 167, 79),
(1843, 1, 9, 176, 80),
(1844, 1, 9, 108, 81),
(1845, 1, 9, 105, 82),
(1846, 1, 9, 141, 83),
(1847, 1, 9, 443, 84),
(1848, 1, 9, 191, 85),
(1849, 1, 9, 447, 86),
(1850, 1, 9, 138, 87),
(1851, 1, 9, 438, 88),
(1852, 1, 9, 444, 89),
(1853, 1, 9, 441, 90),
(1854, 1, 9, 1, 91),
(1855, 1, 9, 383, 92),
(1856, 1, 9, 204, 93),
(1857, 1, 9, 210, 94),
(1858, 1, 9, 229, 95),
(1859, 1, 9, 201, 96),
(1860, 1, 9, 203, 97),
(1861, 1, 9, 205, 98),
(1862, 1, 9, 43, 99),
(1863, 1, 9, 226, 100),
(1864, 1, 9, 104, 101),
(1865, 1, 9, 56, 102),
(1866, 1, 9, 261, 103),
(1867, 1, 9, 140, 104),
(1868, 1, 9, 127, 105),
(1869, 1, 9, 132, 106),
(1870, 1, 9, 129, 107),
(1871, 1, 9, 136, 108),
(1872, 1, 9, 61, 109),
(1873, 1, 9, 206, 110),
(1874, 1, 9, 521, 111),
(1875, 1, 9, 277, 112),
(1876, 1, 9, 322, 113),
(1877, 1, 9, 263, 114),
(1878, 1, 9, 257, 115),
(1879, 1, 9, 260, 116),
(1880, 1, 9, 549, 117),
(1881, 1, 9, 377, 118),
(1882, 1, 9, 450, 119),
(1883, 1, 9, 361, 120),
(1884, 1, 9, 552, 121),
(1885, 1, 9, 189, 122),
(1886, 1, 9, 36, 123),
(1887, 1, 9, 376, 124),
(1888, 1, 9, 431, 125),
(1889, 1, 9, 286, 126),
(1890, 1, 9, 433, 127),
(1891, 1, 9, 511, 128),
(1892, 1, 9, 234, 129),
(1893, 1, 9, 373, 130),
(1894, 1, 9, 238, 131),
(1895, 1, 9, 243, 132),
(1896, 1, 9, 297, 133),
(1897, 1, 9, 550, 134),
(1898, 1, 9, 418, 135),
(1899, 1, 9, 370, 136),
(1900, 1, 9, 230, 137),
(1901, 1, 9, 410, 138),
(1902, 1, 9, 499, 139),
(1903, 1, 9, 501, 140),
(1904, 1, 9, 504, 141),
(1905, 1, 9, 446, 142),
(1906, 1, 9, 448, 143),
(1907, 1, 9, 505, 144),
(1908, 1, 9, 512, 145),
(1909, 1, 9, 503, 146),
(1910, 1, 9, 278, 147),
(1911, 1, 9, 73, 148),
(1912, 1, 9, 256, 149),
(1913, 1, 9, 255, 150),
(1914, 1, 9, 284, 151),
(1915, 1, 10, 324, 1),
(1916, 1, 10, 325, 2),
(1917, 1, 10, 326, 3),
(1918, 1, 10, 327, 4),
(1919, 1, 10, 328, 5),
(1920, 1, 10, 329, 6),
(1921, 1, 10, 330, 7),
(1922, 1, 10, 331, 8),
(1923, 1, 10, 332, 9),
(1924, 1, 10, 333, 10),
(1925, 1, 10, 334, 11),
(1926, 1, 10, 335, 12),
(1927, 1, 10, 336, 13),
(1928, 1, 10, 337, 14),
(1929, 1, 10, 338, 15),
(1930, 1, 10, 339, 16),
(1931, 1, 10, 340, 17),
(1932, 1, 10, 341, 18),
(1933, 1, 10, 342, 19),
(1934, 1, 10, 343, 20),
(1935, 1, 10, 344, 21),
(1936, 1, 10, 345, 22),
(1937, 1, 10, 346, 23),
(1938, 1, 10, 347, 24),
(1939, 1, 10, 348, 25),
(1940, 1, 10, 349, 26),
(1941, 1, 10, 350, 27),
(1942, 1, 10, 351, 28),
(1943, 1, 10, 352, 29),
(1944, 1, 10, 353, 30),
(1945, 1, 10, 354, 31),
(1946, 1, 10, 355, 32),
(1947, 1, 10, 356, 33),
(1948, 1, 10, 357, 34),
(1949, 1, 10, 358, 35),
(1950, 1, 10, 359, 36),
(1951, 1, 10, 360, 37),
(1952, 1, 10, 303, 38),
(1953, 1, 10, 304, 39),
(1954, 1, 10, 305, 40),
(1955, 1, 10, 306, 41),
(1956, 1, 10, 307, 42),
(1957, 1, 10, 308, 43),
(1958, 1, 10, 309, 44),
(1959, 1, 10, 310, 45),
(1960, 1, 10, 311, 46),
(1961, 1, 10, 312, 47),
(1962, 1, 10, 313, 48),
(1963, 1, 10, 314, 49),
(1964, 1, 10, 315, 50),
(1965, 1, 10, 316, 51),
(1966, 1, 10, 317, 52),
(1967, 1, 10, 456, 53),
(1968, 1, 10, 457, 54),
(1969, 1, 10, 408, 55),
(1970, 1, 10, 78, 56),
(1971, 1, 10, 318, 57),
(1972, 1, 10, 225, 58),
(1973, 1, 10, 198, 59),
(1974, 1, 10, 103, 60),
(1975, 1, 10, 519, 61),
(1976, 1, 10, 523, 62),
(1977, 1, 10, 231, 63),
(1978, 1, 10, 368, 64),
(1979, 1, 10, 494, 65),
(1980, 1, 10, 254, 66),
(1981, 1, 10, 415, 67),
(1982, 1, 10, 82, 68),
(1983, 1, 10, 80, 69),
(1984, 1, 10, 381, 70),
(1985, 1, 10, 319, 71),
(1986, 1, 10, 217, 72),
(1987, 1, 10, 134, 73),
(1988, 1, 10, 121, 74),
(1989, 1, 10, 123, 75),
(1990, 1, 10, 133, 76),
(1991, 1, 10, 122, 77),
(1992, 1, 10, 437, 78),
(1993, 1, 10, 167, 79),
(1994, 1, 10, 176, 80),
(1995, 1, 10, 108, 81),
(1996, 1, 10, 105, 82),
(1997, 1, 10, 141, 83),
(1998, 1, 10, 443, 84),
(1999, 1, 10, 191, 85),
(2000, 1, 10, 447, 86),
(2001, 1, 10, 138, 87),
(2002, 1, 10, 438, 88),
(2003, 1, 10, 444, 89),
(2004, 1, 10, 441, 90),
(2005, 1, 10, 1, 91),
(2006, 1, 10, 383, 92),
(2007, 1, 10, 204, 93),
(2008, 1, 10, 210, 94),
(2009, 1, 10, 229, 95),
(2010, 1, 10, 201, 96),
(2011, 1, 10, 203, 97),
(2012, 1, 10, 205, 98),
(2013, 1, 10, 43, 99),
(2014, 1, 10, 226, 100),
(2015, 1, 10, 104, 101),
(2016, 1, 10, 56, 102),
(2017, 1, 10, 261, 103),
(2018, 1, 10, 140, 104),
(2019, 1, 10, 127, 105),
(2020, 1, 10, 132, 106),
(2021, 1, 10, 129, 107),
(2022, 1, 10, 136, 108),
(2023, 1, 10, 61, 109),
(2024, 1, 10, 206, 110),
(2025, 1, 10, 521, 111),
(2026, 1, 10, 277, 112),
(2027, 1, 10, 322, 113),
(2028, 1, 10, 263, 114),
(2029, 1, 10, 257, 115),
(2030, 1, 10, 260, 116),
(2031, 1, 10, 549, 117),
(2032, 1, 10, 377, 118),
(2033, 1, 10, 450, 119),
(2034, 1, 10, 361, 120),
(2035, 1, 10, 552, 121),
(2036, 1, 10, 189, 122),
(2037, 1, 10, 36, 123),
(2038, 1, 10, 376, 124),
(2039, 1, 10, 431, 125),
(2040, 1, 10, 286, 126),
(2041, 1, 10, 433, 127),
(2042, 1, 10, 511, 128),
(2043, 1, 10, 234, 129),
(2044, 1, 10, 373, 130),
(2045, 1, 10, 238, 131),
(2046, 1, 10, 243, 132),
(2047, 1, 10, 297, 133),
(2048, 1, 10, 550, 134),
(2049, 1, 10, 418, 135),
(2050, 1, 10, 370, 136),
(2051, 1, 10, 230, 137),
(2052, 1, 10, 410, 138),
(2053, 1, 10, 499, 139),
(2054, 1, 10, 501, 140),
(2055, 1, 10, 504, 141),
(2056, 1, 10, 446, 142),
(2057, 1, 10, 448, 143),
(2058, 1, 10, 505, 144),
(2059, 1, 10, 512, 145),
(2060, 1, 10, 503, 146),
(2061, 1, 10, 278, 147),
(2062, 1, 10, 73, 148),
(2063, 1, 10, 256, 149),
(2064, 1, 10, 255, 150),
(2065, 1, 10, 284, 151),
(2066, 1, 11, 324, 1),
(2067, 1, 11, 325, 2),
(2068, 1, 11, 326, 3),
(2069, 1, 11, 327, 4),
(2070, 1, 11, 328, 5),
(2071, 1, 11, 329, 6),
(2072, 1, 11, 330, 7),
(2073, 1, 11, 331, 8),
(2074, 1, 11, 332, 9),
(2075, 1, 11, 333, 10),
(2076, 1, 11, 334, 11),
(2077, 1, 11, 335, 12),
(2078, 1, 11, 336, 13),
(2079, 1, 11, 337, 14),
(2080, 1, 11, 338, 15),
(2081, 1, 11, 339, 16),
(2082, 1, 11, 340, 17),
(2083, 1, 11, 341, 18),
(2084, 1, 11, 342, 19),
(2085, 1, 11, 343, 20),
(2086, 1, 11, 344, 21),
(2087, 1, 11, 345, 22),
(2088, 1, 11, 346, 23),
(2089, 1, 11, 347, 24),
(2090, 1, 11, 348, 25),
(2091, 1, 11, 349, 26),
(2092, 1, 11, 350, 27),
(2093, 1, 11, 351, 28),
(2094, 1, 11, 352, 29),
(2095, 1, 11, 353, 30),
(2096, 1, 11, 354, 31),
(2097, 1, 11, 355, 32),
(2098, 1, 11, 356, 33),
(2099, 1, 11, 357, 34),
(2100, 1, 11, 358, 35),
(2101, 1, 11, 359, 36),
(2102, 1, 11, 360, 37),
(2103, 1, 11, 303, 38),
(2104, 1, 11, 304, 39),
(2105, 1, 11, 305, 40),
(2106, 1, 11, 306, 41),
(2107, 1, 11, 307, 42),
(2108, 1, 11, 308, 43),
(2109, 1, 11, 309, 44),
(2110, 1, 11, 310, 45),
(2111, 1, 11, 311, 46),
(2112, 1, 11, 312, 47),
(2113, 1, 11, 313, 48),
(2114, 1, 11, 314, 49),
(2115, 1, 11, 315, 50),
(2116, 1, 11, 316, 51),
(2117, 1, 11, 317, 52),
(2118, 1, 11, 456, 53),
(2119, 1, 11, 457, 54),
(2120, 1, 11, 408, 55),
(2121, 1, 11, 78, 56),
(2122, 1, 11, 318, 57),
(2123, 1, 11, 225, 58),
(2124, 1, 11, 198, 59),
(2125, 1, 11, 103, 60),
(2126, 1, 11, 519, 61),
(2127, 1, 11, 523, 62),
(2128, 1, 11, 231, 63),
(2129, 1, 11, 368, 64),
(2130, 1, 11, 494, 65),
(2131, 1, 11, 254, 66),
(2132, 1, 11, 415, 67),
(2133, 1, 11, 82, 68),
(2134, 1, 11, 80, 69),
(2135, 1, 11, 381, 70),
(2136, 1, 11, 319, 71),
(2137, 1, 11, 217, 72),
(2138, 1, 11, 134, 73),
(2139, 1, 11, 121, 74),
(2140, 1, 11, 123, 75),
(2141, 1, 11, 133, 76),
(2142, 1, 11, 122, 77),
(2143, 1, 11, 437, 78),
(2144, 1, 11, 167, 79),
(2145, 1, 11, 176, 80),
(2146, 1, 11, 108, 81),
(2147, 1, 11, 105, 82),
(2148, 1, 11, 141, 83),
(2149, 1, 11, 443, 84),
(2150, 1, 11, 191, 85),
(2151, 1, 11, 447, 86),
(2152, 1, 11, 138, 87),
(2153, 1, 11, 438, 88),
(2154, 1, 11, 444, 89),
(2155, 1, 11, 441, 90),
(2156, 1, 11, 1, 91),
(2157, 1, 11, 383, 92),
(2158, 1, 11, 204, 93),
(2159, 1, 11, 210, 94),
(2160, 1, 11, 229, 95),
(2161, 1, 11, 201, 96),
(2162, 1, 11, 203, 97),
(2163, 1, 11, 205, 98),
(2164, 1, 11, 43, 99),
(2165, 1, 11, 226, 100),
(2166, 1, 11, 104, 101),
(2167, 1, 11, 56, 102),
(2168, 1, 11, 261, 103),
(2169, 1, 11, 140, 104),
(2170, 1, 11, 127, 105),
(2171, 1, 11, 132, 106),
(2172, 1, 11, 129, 107),
(2173, 1, 11, 136, 108),
(2174, 1, 11, 61, 109),
(2175, 1, 11, 206, 110),
(2176, 1, 11, 521, 111),
(2177, 1, 11, 277, 112),
(2178, 1, 11, 322, 113),
(2179, 1, 11, 263, 114),
(2180, 1, 11, 257, 115),
(2181, 1, 11, 260, 116),
(2182, 1, 11, 549, 117),
(2183, 1, 11, 377, 118),
(2184, 1, 11, 450, 119),
(2185, 1, 11, 361, 120),
(2186, 1, 11, 552, 121),
(2187, 1, 11, 189, 122),
(2188, 1, 11, 36, 123),
(2189, 1, 11, 376, 124),
(2190, 1, 11, 431, 125),
(2191, 1, 11, 286, 126),
(2192, 1, 11, 433, 127),
(2193, 1, 11, 511, 128),
(2194, 1, 11, 234, 129),
(2195, 1, 11, 373, 130),
(2196, 1, 11, 238, 131),
(2197, 1, 11, 243, 132),
(2198, 1, 11, 297, 133),
(2199, 1, 11, 550, 134),
(2200, 1, 11, 418, 135),
(2201, 1, 11, 370, 136),
(2202, 1, 11, 230, 137),
(2203, 1, 11, 410, 138),
(2204, 1, 11, 499, 139),
(2205, 1, 11, 501, 140),
(2206, 1, 11, 504, 141),
(2207, 1, 11, 446, 142),
(2208, 1, 11, 448, 143),
(2209, 1, 11, 505, 144),
(2210, 1, 11, 512, 145),
(2211, 1, 11, 503, 146),
(2212, 1, 11, 278, 147),
(2213, 1, 11, 73, 148),
(2214, 1, 11, 256, 149),
(2215, 1, 11, 255, 150),
(2216, 1, 11, 284, 151),
(2217, 1, 5, 324, 1),
(2218, 1, 5, 325, 2),
(2219, 1, 5, 326, 3),
(2220, 1, 5, 327, 4),
(2221, 1, 5, 328, 5),
(2222, 1, 5, 329, 6),
(2223, 1, 5, 330, 7),
(2224, 1, 5, 331, 8),
(2225, 1, 5, 332, 9),
(2226, 1, 5, 333, 10),
(2227, 1, 5, 334, 11),
(2228, 1, 5, 335, 12),
(2229, 1, 5, 336, 13),
(2230, 1, 5, 337, 14),
(2231, 1, 5, 338, 15),
(2232, 1, 5, 339, 16),
(2233, 1, 5, 340, 17),
(2234, 1, 5, 341, 18),
(2235, 1, 5, 342, 19),
(2236, 1, 5, 343, 20),
(2237, 1, 5, 344, 21),
(2238, 1, 5, 345, 22),
(2239, 1, 5, 346, 23),
(2240, 1, 5, 347, 24),
(2241, 1, 5, 348, 25),
(2242, 1, 5, 349, 26),
(2243, 1, 5, 350, 27),
(2244, 1, 5, 351, 28),
(2245, 1, 5, 352, 29),
(2246, 1, 5, 353, 30),
(2247, 1, 5, 354, 31),
(2248, 1, 5, 355, 32),
(2249, 1, 5, 356, 33),
(2250, 1, 5, 357, 34),
(2251, 1, 5, 358, 35),
(2252, 1, 5, 359, 36),
(2253, 1, 5, 360, 37),
(2254, 1, 5, 303, 38),
(2255, 1, 5, 304, 39),
(2256, 1, 5, 305, 40),
(2257, 1, 5, 306, 41),
(2258, 1, 5, 307, 42),
(2259, 1, 5, 308, 43),
(2260, 1, 5, 309, 44),
(2261, 1, 5, 310, 45),
(2262, 1, 5, 311, 46),
(2263, 1, 5, 312, 47),
(2264, 1, 5, 313, 48),
(2265, 1, 5, 314, 49),
(2266, 1, 5, 315, 50),
(2267, 1, 5, 316, 51),
(2268, 1, 5, 317, 52),
(2269, 1, 4, 324, 24),
(2270, 1, 4, 325, 25),
(2271, 1, 4, 326, 26),
(2272, 1, 4, 327, 27),
(2273, 1, 4, 328, 28),
(2274, 1, 4, 329, 29),
(2275, 1, 4, 330, 30),
(2276, 1, 4, 331, 31),
(2277, 1, 4, 332, 32),
(2278, 1, 4, 333, 33),
(2279, 1, 4, 334, 34),
(2280, 1, 4, 335, 35),
(2281, 1, 4, 336, 36),
(2282, 1, 4, 337, 37),
(2283, 1, 4, 338, 38),
(2284, 1, 4, 339, 39),
(2285, 1, 4, 340, 40),
(2286, 1, 4, 341, 41),
(2287, 1, 4, 342, 42),
(2288, 1, 4, 343, 43),
(2289, 1, 4, 344, 44),
(2290, 1, 4, 345, 45),
(2291, 1, 4, 346, 46),
(2292, 1, 4, 347, 47),
(2293, 1, 4, 348, 48),
(2294, 1, 4, 349, 49),
(2295, 1, 4, 350, 50),
(2296, 1, 4, 351, 51),
(2297, 1, 4, 352, 52),
(2298, 1, 4, 353, 53),
(2299, 1, 4, 354, 54),
(2300, 1, 4, 355, 55),
(2301, 1, 4, 356, 56),
(2302, 1, 4, 357, 57),
(2303, 1, 4, 358, 58),
(2304, 1, 4, 359, 59),
(2305, 1, 4, 360, 60),
(2306, 1, 4, 303, 9),
(2307, 1, 4, 304, 10),
(2308, 1, 4, 305, 11),
(2309, 1, 4, 306, 12),
(2310, 1, 4, 307, 13),
(2311, 1, 4, 308, 14),
(2312, 1, 4, 309, 15),
(2313, 1, 4, 310, 16),
(2314, 1, 4, 311, 17),
(2315, 1, 4, 312, 18),
(2316, 1, 4, 313, 19),
(2317, 1, 4, 314, 20),
(2318, 1, 4, 315, 21),
(2319, 1, 4, 316, 22),
(2320, 1, 4, 317, 23),
(2321, 1, 3, 303, 9),
(2322, 1, 3, 304, 10),
(2323, 1, 3, 305, 11),
(2324, 1, 3, 306, 12),
(2325, 1, 3, 307, 13),
(2326, 1, 3, 308, 14),
(2327, 1, 3, 309, 15),
(2328, 1, 3, 310, 16),
(2329, 1, 3, 311, 17),
(2330, 1, 3, 312, 18),
(2331, 1, 3, 313, 19),
(2332, 1, 3, 314, 20),
(2333, 1, 3, 315, 21),
(2334, 1, 3, 316, 22),
(2335, 1, 3, 317, 23),
(2336, 1, 3, 324, 24),
(2337, 1, 3, 325, 25),
(2338, 1, 3, 326, 26),
(2339, 1, 3, 327, 27),
(2340, 1, 3, 328, 28),
(2341, 1, 3, 329, 29),
(2342, 1, 3, 330, 30),
(2343, 1, 3, 331, 31),
(2344, 1, 3, 332, 32),
(2345, 1, 3, 333, 33),
(2346, 1, 3, 334, 34),
(2347, 1, 3, 335, 35),
(2348, 1, 3, 336, 36),
(2349, 1, 3, 337, 37),
(2350, 1, 3, 338, 38),
(2351, 1, 3, 339, 39),
(2352, 1, 3, 340, 40),
(2353, 1, 3, 341, 41),
(2354, 1, 3, 342, 42),
(2355, 1, 3, 343, 43),
(2356, 1, 3, 344, 44),
(2357, 1, 3, 345, 45),
(2358, 1, 3, 346, 46),
(2359, 1, 3, 347, 47),
(2360, 1, 3, 348, 48),
(2361, 1, 3, 349, 49),
(2362, 1, 3, 350, 50),
(2363, 1, 3, 351, 51),
(2364, 1, 3, 352, 52),
(2365, 1, 3, 353, 53),
(2366, 1, 3, 354, 54),
(2367, 1, 3, 355, 55),
(2368, 1, 3, 356, 56),
(2369, 1, 3, 357, 57),
(2370, 1, 3, 358, 58),
(2371, 1, 3, 359, 59),
(2372, 1, 3, 360, 60),
(2388, 1, 2, 303, 107),
(2389, 1, 2, 304, 108),
(2390, 1, 2, 305, 109),
(2391, 1, 2, 306, 110),
(2392, 1, 2, 307, 111),
(2393, 1, 2, 308, 112),
(2394, 1, 2, 309, 113),
(2395, 1, 2, 310, 114),
(2396, 1, 2, 311, 115),
(2397, 1, 2, 312, 116),
(2398, 1, 2, 313, 117),
(2399, 1, 2, 314, 118),
(2400, 1, 2, 315, 119),
(2401, 1, 2, 316, 120),
(2402, 1, 2, 317, 121),
(2403, 1, 2, 324, 122),
(2404, 1, 2, 325, 123),
(2405, 1, 2, 326, 124),
(2406, 1, 2, 327, 125),
(2407, 1, 2, 328, 126),
(2408, 1, 2, 329, 127),
(2409, 1, 2, 330, 128),
(2410, 1, 2, 331, 129),
(2411, 1, 2, 332, 130),
(2412, 1, 2, 333, 131),
(2413, 1, 2, 334, 132),
(2414, 1, 2, 335, 133),
(2415, 1, 2, 336, 134),
(2416, 1, 2, 337, 135),
(2417, 1, 2, 338, 136),
(2418, 1, 2, 339, 137),
(2419, 1, 2, 340, 138),
(2420, 1, 2, 341, 139),
(2421, 1, 2, 342, 140),
(2422, 1, 2, 343, 141),
(2423, 1, 2, 344, 142),
(2424, 1, 2, 345, 143),
(2425, 1, 2, 346, 144),
(2426, 1, 2, 347, 145),
(2427, 1, 2, 348, 146),
(2428, 1, 2, 349, 147),
(2429, 1, 2, 350, 148),
(2430, 1, 2, 351, 149),
(2431, 1, 2, 352, 150),
(2432, 1, 2, 353, 151),
(2433, 1, 2, 354, 152),
(2434, 1, 2, 355, 153),
(2435, 1, 2, 356, 154),
(2436, 1, 2, 357, 155),
(2437, 1, 2, 358, 156),
(2438, 1, 2, 359, 157),
(2439, 1, 2, 360, 158),
(2440, 1, 1, 303, 106),
(2441, 1, 1, 304, 107),
(2442, 1, 1, 305, 108),
(2443, 1, 1, 306, 109),
(2444, 1, 1, 307, 110),
(2445, 1, 1, 308, 111),
(2446, 1, 1, 309, 112),
(2447, 1, 1, 310, 113),
(2448, 1, 1, 311, 114),
(2449, 1, 1, 312, 115),
(2450, 1, 1, 313, 116),
(2451, 1, 1, 314, 117),
(2452, 1, 1, 315, 118),
(2453, 1, 1, 316, 119),
(2454, 1, 1, 317, 120),
(2455, 1, 1, 324, 121),
(2456, 1, 1, 325, 122),
(2457, 1, 1, 326, 123),
(2458, 1, 1, 327, 124),
(2459, 1, 1, 328, 125),
(2460, 1, 1, 329, 126),
(2461, 1, 1, 330, 127),
(2462, 1, 1, 331, 128),
(2463, 1, 1, 332, 129),
(2464, 1, 1, 333, 130),
(2465, 1, 1, 334, 131),
(2466, 1, 1, 335, 132),
(2467, 1, 1, 336, 133),
(2468, 1, 1, 337, 134),
(2469, 1, 1, 338, 135),
(2470, 1, 1, 339, 136),
(2471, 1, 1, 340, 137),
(2472, 1, 1, 341, 138),
(2473, 1, 1, 342, 139),
(2474, 1, 1, 343, 140),
(2475, 1, 1, 344, 141),
(2476, 1, 1, 345, 142),
(2477, 1, 1, 346, 143),
(2478, 1, 1, 347, 144),
(2479, 1, 1, 348, 145),
(2480, 1, 1, 349, 146),
(2481, 1, 1, 350, 147),
(2482, 1, 1, 351, 148),
(2483, 1, 1, 352, 149),
(2484, 1, 1, 353, 150),
(2485, 1, 1, 354, 151),
(2486, 1, 1, 355, 152),
(2487, 1, 1, 356, 153),
(2488, 1, 1, 357, 154),
(2489, 1, 1, 358, 155),
(2490, 1, 1, 359, 156),
(2491, 1, 1, 360, 157);
CREATE TABLE `bank_cities_time_priority_companies_view` (
`time_id` int(11)
,`time_value` varchar(5)
,`priority` int(11)
,`region_name` varchar(60)
,`city_name` varchar(60)
,`company_id` int(11)
,`user_id` int(11)
,`company_date_create` varchar(19)
,`type_id` int(11)
,`company_date_update` varchar(19)
,`company_discount` int(11)
,`company_discount_percent` tinyint(1)
,`company_ogrn` varchar(15)
,`company_ogrn_date` varchar(10)
,`company_person_name` varchar(128)
,`company_person_surname` varchar(128)
,`company_person_patronymic` varchar(128)
,`company_person_birthday` varchar(10)
,`company_person_birthplace` varchar(1024)
,`company_inn` varchar(12)
,`company_address` varchar(1024)
,`company_doc_number` varchar(12)
,`company_doc_date` varchar(10)
,`company_organization_name` varchar(1024)
,`company_organization_code` varchar(6)
,`company_phone` varchar(20)
,`company_email` varchar(1024)
,`company_okved_code` varchar(8)
,`company_okved_name` varchar(2048)
,`purchase_id` int(11)
,`template_id` int(11)
,`company_kpp` varchar(9)
,`company_index` varchar(9)
,`company_house` varchar(20)
,`company_region_type` varchar(50)
,`company_region_name` varchar(120)
,`company_area_type` varchar(60)
,`company_area_name` varchar(60)
,`company_locality_type` varchar(60)
,`company_locality_name` varchar(60)
,`company_street_type` varchar(60)
,`company_street_name` varchar(60)
,`company_innfl` varchar(12)
,`company_person_position_type` varchar(60)
,`company_person_position_name` varchar(60)
,`company_doc_name` varchar(120)
,`company_doc_gifter` varchar(256)
,`company_doc_code` varchar(7)
,`company_doc_house` varchar(20)
,`company_doc_flat` varchar(40)
,`company_doc_region_type` varchar(50)
,`company_doc_region_name` varchar(120)
,`company_doc_area_type` varchar(60)
,`company_doc_area_name` varchar(60)
,`company_doc_locality_type` varchar(60)
,`company_doc_locality_name` varchar(60)
,`company_doc_street_type` varchar(60)
,`company_doc_street_name` varchar(60)
,`city_id` int(11)
,`region_id` int(11)
,`bank_id` int(11)
,`company_json` json
);
CREATE TABLE `bank_times_view` (
`time_id` int(11)
,`time_value` varchar(5)
,`bank_id` int(11)
);

CREATE TABLE `cities` (
  `city_id` int(11) NOT NULL,
  `city_name` varchar(60) COLLATE utf8_bin NOT NULL
) ENGINE=InnoDB DEFAULT CHARSET=utf8 COLLATE=utf8_bin;

INSERT INTO `cities` (`city_id`, `city_name`) VALUES
(1, 'Майкоп'),
(2, 'Гиагинская'),
(3, 'Тахтамукай'),
(4, 'Уфа'),
(5, 'Белорецк'),
(6, 'Ишимбай'),
(7, 'Нефтекамск'),
(8, 'Сибай'),
(9, 'Стерлитамак'),
(10, 'Туймазы'),
(11, 'Улан-Удэ'),
(12, 'Кабанск'),
(13, 'Северобайкальск'),
(14, 'Гусиноозерск'),
(15, 'Горно-Алтайск'),
(16, 'Онгудай'),
(17, 'Махачкала'),
(18, 'Ботлих'),
(19, 'Буйнакск'),
(20, 'пос. Шамилькала'),
(21, 'Дербент'),
(22, 'Хасавюрт'),
(23, 'Каспийск'),
(24, 'Кизилюрт'),
(25, 'Избербаш'),
(26, 'Дагестанские Огни'),
(27, 'Магас'),
(28, 'Малгобек'),
(29, 'Сунжа'),
(30, 'Назрань'),
(31, 'Нальчик'),
(32, 'Прохладный'),
(33, 'Баксан'),
(34, 'Тырныауз'),
(35, 'Нарткала'),
(36, 'Элиста'),
(37, 'Городовиковск'),
(38, 'Лагань'),
(39, 'Усть-Джегута'),
(40, 'Черкесск'),
(41, 'Карачаевск'),
(42, 'Учкекен'),
(43, 'Петрозаводск'),
(44, 'Кемь'),
(45, 'Сегежа'),
(46, 'Сортавала'),
(47, 'Медвежьегорск'),
(48, 'Сыктывкар'),
(49, 'Ухта'),
(50, 'Воркута'),
(51, 'Инта'),
(52, 'Печора'),
(53, 'Усинск'),
(54, 'Сосногорск'),
(55, 'Выльгорт'),
(56, 'Йошкар-Ола'),
(57, 'Медведево'),
(58, 'Козьмодемьянск'),
(59, 'Волжск'),
(60, 'Звенигово'),
(61, 'Саранск'),
(62, 'Зубова Поляна'),
(63, 'Кемля'),
(64, 'Чамзинка'),
(65, 'Рузаевка'),
(66, 'Якутск'),
(67, 'Алдан'),
(68, 'Хандыга'),
(69, 'Нерюнгри'),
(70, 'Мирный'),
(71, 'Нюрба'),
(72, 'Ленск'),
(73, 'Владикавказ'),
(74, 'Моздок'),
(75, 'Беслан'),
(76, 'Октябрьское'),
(77, 'Ардон'),
(78, 'Казань'),
(79, 'Альметьевск'),
(80, 'Набережные Челны'),
(81, 'Нижнекамск'),
(82, 'Зеленодольск'),
(83, 'Елабуга'),
(84, 'Богатые Сабы'),
(85, 'Чистополь'),
(86, 'Бугульма'),
(87, 'Кызыл'),
(88, 'Шагонар'),
(89, 'Ижевск'),
(90, 'Ува'),
(91, 'Воткинск'),
(92, 'Глазов'),
(93, 'Сарапул'),
(94, 'Можга'),
(95, 'Абакан'),
(96, 'Саяногорск'),
(97, 'Черногорск'),
(98, 'Грозный'),
(99, 'Гудермес'),
(100, 'Урус-Мартан'),
(101, 'Шали'),
(102, 'Знаменское'),
(103, 'Чебоксары'),
(104, 'Новочебоксарск'),
(105, 'Алатырь'),
(106, 'Комсомольское'),
(107, 'Вурнары'),
(108, 'Канаш'),
(109, 'Кугеси'),
(110, 'Цивильск'),
(111, 'Шумерля'),
(112, 'Барнаул'),
(113, 'Алейск'),
(114, 'Бийск'),
(115, 'Камень-на-Оби'),
(116, 'Новоалтайск'),
(117, 'Рубцовск'),
(118, 'Славгород'),
(119, 'Павловск'),
(120, 'Краснодар'),
(121, 'Анапа'),
(122, 'Геленджик'),
(123, 'Новороссийск'),
(124, 'Абинск'),
(125, 'Крымск'),
(126, 'Северская'),
(127, 'Темрюк'),
(128, 'Тихорецк'),
(129, 'Ейск'),
(130, 'Выселки'),
(131, 'Каневская'),
(132, 'Кропоткин'),
(133, 'Туапсе'),
(134, 'Сочи'),
(135, 'Большой Сочи'),
(136, 'Белореченск'),
(137, 'Тимашевск'),
(138, 'Славянск-на-Кубани'),
(139, 'Кущевская'),
(140, 'Армавир'),
(141, 'Усть-Лабинск'),
(142, 'Лабинск'),
(143, 'Красноярск'),
(144, 'Емельяново'),
(145, 'Кодинск'),
(146, 'Ачинск'),
(147, 'Заозерный'),
(148, 'Канск'),
(149, 'Железногорск'),
(150, 'Лесосибирск'),
(151, 'Минусинск'),
(152, 'Норильск'),
(153, 'Шарыпово'),
(154, 'Владивосток'),
(155, 'Арсеньев'),
(156, 'Артем'),
(157, 'Большой Камень'),
(158, 'Дальнегорск'),
(159, 'Дальнереченск'),
(160, 'Лесозаводск'),
(161, 'Находка'),
(162, 'Партизанск'),
(163, 'Дубовское'),
(164, 'Уссурийск'),
(165, 'Кавалерово'),
(166, 'Черниговка'),
(167, 'Ставрополь'),
(168, 'Георгиевск'),
(169, 'Кисловодск'),
(170, 'Пятигорск'),
(171, 'Новопавловск'),
(172, 'Ипатово'),
(173, 'Новоалександровск'),
(174, 'Михайловск'),
(175, 'Буденновск'),
(176, 'Невинномысск'),
(177, 'Минеральные Воды'),
(178, 'Ессентуки'),
(179, 'Хабаровск'),
(180, 'Комсомольск-на-Амуре'),
(181, 'Николаевск-на-Амуре'),
(182, 'Благовещенск'),
(183, 'Белогорск'),
(184, 'Свободный'),
(185, 'Тында'),
(186, 'Новобурейский'),
(187, 'Зея'),
(188, 'Тамбовка'),
(189, 'Архангельск'),
(190, 'Новодвинск'),
(191, 'Котлас'),
(192, 'Вельск'),
(193, 'Няндома'),
(194, 'Плесецк'),
(195, 'Нарьян-Мар'),
(196, 'Астрахань'),
(197, 'Ахтубинск'),
(198, 'Белгород'),
(199, 'Новый Оскол'),
(200, 'Ракитное'),
(201, 'Шебекино'),
(202, 'Алексеевка'),
(203, 'Валуйки'),
(204, 'Губкин'),
(205, 'Старый Оскол'),
(206, 'Брянск'),
(207, 'Клинцы'),
(208, 'Почеп'),
(209, 'Унеча'),
(210, 'Владимир'),
(211, 'Гусь-Хрустальный'),
(212, 'Киржач'),
(213, 'Юрьев-Польский'),
(214, 'Ковров'),
(215, 'Муром'),
(216, 'Александров'),
(217, 'Волгоград'),
(218, 'Волжский'),
(219, 'Камышин'),
(220, 'Средняя Ахтуба'),
(221, 'Городище'),
(222, 'Михайловка (михайловка Го)'),
(223, 'Урюпинск'),
(224, 'Светлый Яр'),
(225, 'Вологда'),
(226, 'Череповец'),
(227, 'Бабаево'),
(228, 'Харовск'),
(229, 'Сокол'),
(230, 'Великий Устюг'),
(231, 'Воронеж'),
(232, 'Борисоглебск'),
(233, 'Калач'),
(234, 'Россошь'),
(235, 'Семилуки'),
(236, 'Таловая'),
(237, 'Лиски'),
(238, 'Иваново'),
(239, 'Вичуга'),
(240, 'Кинешма'),
(241, 'Тейково'),
(242, 'Фурманов'),
(243, 'Шуя'),
(244, 'Пучеж'),
(245, 'Иркутск'),
(246, 'Ангарск'),
(247, 'Бодайбо'),
(248, 'Братск'),
(249, 'Саянск'),
(250, 'Тулун'),
(251, 'Усть-Илимск'),
(252, 'Усть-Кут'),
(253, 'Усолье-Сибирское'),
(254, 'Калининград'),
(255, 'Черняховск'),
(256, 'Гурьевск'),
(257, 'Калуга'),
(258, 'Бабынино'),
(259, 'Кондрово'),
(260, 'Малоярославец'),
(261, 'Киров'),
(262, 'Людиново'),
(263, 'Обнинск'),
(264, 'Петропавловск-Камчатский'),
(265, 'Кемерово'),
(266, 'Белово'),
(267, 'Ленинск-Кузнецкий'),
(268, 'Мариинск'),
(269, 'Междуреченск'),
(270, 'Новокузнецк'),
(271, 'Осинники'),
(272, 'Прокопьевск'),
(273, 'Юрга'),
(274, 'Анжеро-Судженск'),
(275, 'Березовский'),
(276, 'Белая Холуница'),
(277, 'Вятские Поляны'),
(278, 'Кирово-Чепецк'),
(279, 'Котельнич'),
(280, 'Луза'),
(281, 'Нолинск'),
(282, 'Омутнинск'),
(283, 'Слободской'),
(284, 'Советск'),
(285, 'Яранск'),
(286, 'Кострома'),
(287, 'Галич'),
(288, 'Мантурово'),
(289, 'Шарья'),
(290, 'Курган'),
(291, 'Шадринск'),
(292, 'Далматово'),
(293, 'Кетово'),
(294, 'Лебяжье'),
(295, 'Шумиха'),
(296, 'Юргамыш'),
(297, 'Курск'),
(298, 'Льгов'),
(299, 'Пристень'),
(300, 'Рыльск'),
(301, 'Суджа'),
(302, 'Щигры'),
(303, 'Санкт-Петербург'),
(304, 'Волхов'),
(305, 'Всеволожск'),
(306, 'Выборг'),
(307, 'Гатчина'),
(308, 'Кировск'),
(309, 'Кингисепп'),
(310, 'Луга'),
(311, 'Подпорожье'),
(312, 'Приозерск'),
(313, 'Тихвин'),
(314, 'Тосно'),
(315, 'Ломоносов'),
(316, 'Сосновый Бор'),
(317, 'Кириши'),
(318, 'Липецк'),
(319, 'Грязи'),
(320, 'Лебедянь'),
(321, 'Усмань'),
(322, 'Елец'),
(323, 'Магадан'),
(324, 'Москва'),
(325, 'Балашиха'),
(326, 'Видное'),
(327, 'Волоколамск'),
(328, 'Воскресенск'),
(329, 'Дмитров'),
(330, 'Домодедово'),
(331, 'Дубна'),
(332, 'Егорьевск'),
(333, 'Железнодорожный'),
(334, 'Истра'),
(335, 'Королев'),
(336, 'Кашира'),
(337, 'Клин'),
(338, 'Коломна'),
(339, 'Красногорск'),
(340, 'Люберцы'),
(341, 'Мытищи'),
(342, 'Наро-Фоминск'),
(343, 'Ногинск'),
(344, 'Одинцово'),
(345, 'Орехово-Зуево'),
(346, 'Павловский Посад'),
(347, 'Пушкино'),
(348, 'Жуковский'),
(349, 'Сергиев Посад'),
(350, 'Серпухов'),
(351, 'Солнечногорск'),
(352, 'Ступино'),
(353, 'Химки'),
(354, 'Чехов'),
(355, 'Шатура'),
(356, 'Щелково'),
(357, 'Электросталь'),
(358, 'Луховицы'),
(359, 'Подольск'),
(360, 'Руза'),
(361, 'Мурманск'),
(362, 'Кандалакша'),
(363, 'Кола'),
(364, 'Мончегорск'),
(365, 'Оленегорск'),
(366, 'Североморск'),
(367, 'Апатиты'),
(368, 'Нижний Новгород'),
(369, 'Лысково'),
(370, 'Семенов'),
(371, 'Сергач'),
(372, 'Урень'),
(373, 'Арзамас'),
(374, 'Бор'),
(375, 'Выкса'),
(376, 'Городец'),
(377, 'Дзержинск'),
(378, 'Кстово'),
(379, 'Павлово'),
(380, 'Саров'),
(381, 'Великий Новгород'),
(382, 'Боровичи'),
(383, 'Старая Русса'),
(384, 'Малая Вишера'),
(385, 'Новосибирск'),
(386, 'Карасук'),
(387, 'Искитим'),
(388, 'Барабинск'),
(389, 'Омск'),
(390, 'Азово'),
(391, 'Исилькуль'),
(392, 'Калачинск'),
(393, 'Тара'),
(394, 'Оренбург'),
(395, 'Абдулино'),
(396, 'Бугуруслан'),
(397, 'Бузулук'),
(398, 'Новотроицк'),
(399, 'Орск'),
(400, 'Сорочинск'),
(401, 'Новосергиевка'),
(402, 'Соль-Илецк'),
(403, 'Орёл'),
(404, 'Ливны'),
(405, 'Мценск'),
(406, 'Верховье'),
(407, 'Змиевка'),
(408, 'Пенза'),
(409, 'Каменка'),
(410, 'Кузнецк'),
(411, 'Сердобск'),
(412, 'Бессоновка'),
(413, 'Никольск'),
(414, 'Нижний Ломов'),
(415, 'Заречный'),
(416, 'Пермь'),
(417, 'Березники'),
(418, 'Добрянка'),
(419, 'Краснокамск'),
(420, 'Кунгур'),
(421, 'Лысьва'),
(422, 'Соликамск'),
(423, 'Чайковский'),
(424, 'Чусовой'),
(425, 'Верещагино'),
(426, 'Барда'),
(427, 'Очер'),
(428, 'Орда'),
(429, 'Чернушка'),
(430, 'Кудымкар'),
(431, 'Псков'),
(432, 'Невель'),
(433, 'Великие Луки'),
(434, 'Порхов'),
(435, 'Опочка'),
(436, 'Остров'),
(437, 'Ростов-на-Дону'),
(438, 'Таганрог'),
(439, 'Матвеев Курган'),
(440, 'Миллерово'),
(441, 'Волгодонск'),
(442, 'Зимовники'),
(443, 'Батайск'),
(444, 'Шахты'),
(445, 'Новочеркасск'),
(446, 'Сальск'),
(447, 'Азов'),
(448, 'Каменск-Шахтинский'),
(449, 'Белая Калитва'),
(450, 'Рязань'),
(451, 'Кораблино'),
(452, 'Скопин'),
(453, 'Шилово'),
(454, 'Касимов'),
(455, 'Сасово'),
(456, 'Самара'),
(457, 'Тольятти'),
(458, 'Сызрань'),
(459, 'Новокуйбышевск'),
(460, 'Кинель'),
(461, 'Кинель-Черкассы'),
(462, 'Красноармейское'),
(463, 'Красный Яр'),
(464, 'Нефтегорск'),
(465, 'Сергиевск'),
(466, 'Саратов'),
(467, 'Ершов'),
(468, 'Аткарск'),
(469, 'Балаково'),
(470, 'Балашов'),
(471, 'Вольск'),
(472, 'Петровск'),
(473, 'Пугачев'),
(474, 'Ртищево'),
(475, 'Энгельс'),
(476, 'Южно-Сахалинск'),
(477, 'Корсаков'),
(478, 'Поронайск'),
(479, 'Холмск'),
(480, 'Тымовское'),
(481, 'Екатеринбург'),
(482, 'Каменск-Уральский'),
(483, 'Краснотурьинск'),
(484, 'Красноуфимск'),
(485, 'Нижний Тагил'),
(486, 'Сухой Лог'),
(487, 'Ирбит'),
(488, 'Артемовский'),
(489, 'Серов'),
(490, 'Качканар'),
(491, 'Невьянск'),
(492, 'Асбест'),
(493, 'Первоуральск'),
(494, 'Смоленск'),
(495, 'Починок'),
(496, 'Рудня'),
(497, 'Вязьма'),
(498, 'Рославль'),
(499, 'Сафоново'),
(500, 'Ярцево'),
(501, 'Тамбов'),
(502, 'Моршанск'),
(503, 'Мичуринск'),
(504, 'Рассказово'),
(505, 'Тверь'),
(506, 'Бежецк'),
(507, 'Вышний Волочёк'),
(508, 'Кимры'),
(509, 'Нелидово'),
(510, 'Осташков'),
(511, 'Ржев'),
(512, 'Торжок'),
(513, 'Томск'),
(514, 'Стрежевой'),
(515, 'Северск'),
(516, 'Асино'),
(517, 'Кожевниково'),
(518, 'Колпашево'),
(519, 'Тула'),
(520, 'Ленинский'),
(521, 'Узловая'),
(522, 'Щекино'),
(523, 'Новомосковск'),
(524, 'Тюмень'),
(525, 'Ишим'),
(526, 'Тобольск'),
(527, 'Ялуторовск'),
(528, 'Омутинское'),
(529, 'Ульяновск'),
(530, 'Ишеевка'),
(531, 'Димитровград'),
(532, 'Челябинск'),
(533, 'Златоуст'),
(534, 'Кыштым'),
(535, 'Миасс'),
(536, 'Южноуральск'),
(537, 'Копейск'),
(538, 'Магнитогорск'),
(539, 'Сатка'),
(540, 'Чесма'),
(541, 'Верхний Уфалей'),
(542, 'Чита'),
(543, 'Забайкальск'),
(544, 'Нерчинск'),
(545, 'Шилка'),
(546, 'Краснокаменск'),
(547, 'Хилок'),
(548, 'Агинское'),
(549, 'Ярославль'),
(550, 'Переславль-Залесский'),
(551, 'Ростов'),
(552, 'Рыбинск'),
(553, 'Тутаев'),
(554, 'Углич'),
(555, 'Зеленоград'),
(556, 'Колпино'),
(557, 'Петергоф'),
(558, 'Пушкин'),
(559, 'Сестрорецк'),
(560, 'Биробиджан'),
(561, 'Ханты-Мансийск'),
(562, 'Сургут'),
(563, 'Нижневартовск'),
(564, 'Урай'),
(565, 'Лангепас'),
(566, 'Когалым'),
(567, 'Нягань'),
(568, 'Нефтеюганск'),
(569, 'Югорск'),
(570, 'Мегион'),
(571, 'Анадырь'),
(572, 'Салехард'),
(573, 'Новый Уренгой'),
(574, 'Ноябрьск'),
(575, 'Тарко-Сале'),
(576, 'Байконур');

CREATE TABLE `codes` (
  `code_id` int(11) NOT NULL,
  `code_value` int(3) NOT NULL,
  `region_id` int(11) DEFAULT NULL
) ENGINE=InnoDB DEFAULT CHARSET=utf8 COLLATE=utf8_bin;

INSERT INTO `codes` (`code_id`, `code_value`, `region_id`) VALUES
(1, 1, 1),
(2, 2, 2),
(3, 102, 2),
(4, 3, 3),
(5, 4, 4),
(6, 5, 5),
(7, 6, 6),
(8, 7, 7),
(9, 8, 8),
(10, 9, 9),
(11, 10, 10),
(12, 11, 11),
(13, 12, 12),
(14, 13, 13),
(15, 113, 13),
(16, 14, 14),
(17, 15, 15),
(18, 16, 16),
(19, 116, 16),
(20, 17, 17),
(21, 18, 18),
(22, 19, 19),
(23, 21, 20),
(24, 121, 20),
(25, 22, 21),
(26, 23, 22),
(27, 93, 22),
(28, 123, 22),
(29, 24, 23),
(30, 84, 23),
(31, 88, 23),
(32, 124, 23),
(33, 25, 24),
(34, 125, 24),
(35, 26, 25),
(36, 126, 25),
(37, 27, 26),
(38, 127, 26),
(39, 28, 27),
(40, 29, 28),
(41, 30, 29),
(42, 31, 30),
(43, 32, 31),
(44, 33, 32),
(45, 34, 33),
(46, 134, 33),
(47, 35, 34),
(48, 36, 35),
(49, 136, 35),
(50, 37, 36),
(51, 38, 37),
(52, 85, 37),
(53, 138, 37),
(54, 39, 39),
(55, 91, 39),
(56, 40, 40),
(57, 41, 41),
(58, 82, 80),
(59, 42, 42),
(60, 142, 42),
(61, 43, 43),
(62, 44, 44),
(63, 45, 45),
(64, 46, 46),
(65, 47, 47),
(66, 48, 48),
(67, 49, 49),
(68, 50, 50),
(69, 90, 50),
(70, 150, 50),
(71, 190, 50),
(72, 750, 50),
(73, 51, 51),
(74, 52, 52),
(75, 152, 52),
(76, 53, 53),
(77, 54, 54),
(78, 154, 54),
(79, 55, 55),
(80, 56, 56),
(81, 57, 57),
(82, 58, 58),
(83, 59, 59),
(84, 81, 59),
(85, 159, 59),
(86, 60, 60),
(87, 61, 61),
(88, 161, 61),
(89, 62, 62),
(90, 63, 63),
(91, 163, 63),
(92, 64, 64),
(93, 164, 64),
(94, 65, 65),
(95, 66, 66),
(96, 96, 66),
(97, 196, 66),
(98, 67, 67),
(99, 68, 68),
(100, 69, 69),
(101, 169, 69),
(102, 70, 70),
(103, 71, 71),
(104, 72, 72),
(105, 73, 73),
(106, 173, 73),
(107, 74, 74),
(108, 174, 74),
(109, 75, 75),
(110, 80, 75),
(111, 76, 76),
(112, 77, 77),
(113, 97, 77),
(114, 99, 77),
(115, 177, 77),
(116, 199, 77),
(117, 197, 77),
(118, 777, 77),
(119, 78, 78),
(120, 98, 78),
(121, 178, 78),
(122, 79, 79),
(124, 83, 81),
(125, 86, 82),
(126, 186, 82),
(127, 87, 83),
(128, 89, 84),
(129, 92, 85),
(130, 94, 86),
(131, 95, 87),
(132, 20, 87);

CREATE TABLE `columns` (
  `column_id` int(11) NOT NULL,
  `column_price` int(11) NOT NULL DEFAULT '0',
  `column_name` varchar(128) COLLATE utf8_bin NOT NULL,
  `column_blocked` tinyint(1) NOT NULL DEFAULT '0'
) ENGINE=InnoDB DEFAULT CHARSET=utf8 COLLATE=utf8_bin;

INSERT INTO `columns` (`column_id`, `column_price`, `column_name`, `column_blocked`) VALUES
(1, 0, 'company_ogrn', 0),
(2, 0, 'company_ogrn_date', 0),
(3, 0, 'company_person_name', 0),
(4, 0, 'company_person_surname', 0),
(5, 0, 'company_person_patronymic', 0),
(6, 0, 'company_person_birthday', 0),
(7, 0, 'company_person_birthplace', 0),
(8, 0, 'company_inn', 0),
(9, 0, 'company_address', 0),
(10, 0, 'company_doc_number', 0),
(11, 0, 'company_doc_date', 0),
(12, 0, 'company_organization_name', 0),
(13, 0, 'company_organization_code', 0),
(14, 0, 'company_phone', 0),
(15, 0, 'company_email', 0),
(16, 0, 'company_okved_code', 0),
(17, 0, 'company_okved_name', 0),
(18, 0, 'company_kpp', 0),
(19, 0, 'company_index', 0),
(20, 0, 'company_house', 0),
(21, 0, 'company_region_type', 0),
(22, 0, 'company_region_name', 0),
(23, 0, 'company_area_type', 0),
(24, 0, 'company_area_name', 0),
(25, 0, 'company_locality_type', 0),
(26, 0, 'company_locality_name', 0),
(27, 0, 'company_street_type', 0),
(28, 0, 'company_street_name', 0),
(29, 0, 'company_innfl', 0),
(30, 0, 'company_person_position_type', 0),
(31, 0, 'company_person_position_name', 0),
(32, 0, 'company_doc_name', 0),
(33, 0, 'company_doc_gitfter', 0),
(34, 0, 'company_doc_code', 0),
(35, 0, 'company_doc_house', 0),
(36, 0, 'company_doc_flat', 0),
(37, 0, 'company_doc_region_type', 0),
(38, 0, 'company_doc_region_name', 0),
(39, 0, 'company_doc_area_type', 0),
(40, 0, 'company_doc_area_name', 0),
(41, 0, 'company_doc_locality_type', 0),
(42, 0, 'company_doc_locality_name', 0),
(43, 0, 'company_doc_street_type', 0),
(44, 0, 'company_doc_street_name', 0);

CREATE TABLE `companies` (
  `company_id` int(11) NOT NULL,
  `user_id` int(11) DEFAULT NULL,
  `company_date_create` varchar(19) COLLATE utf8_bin NOT NULL,
  `type_id` int(11) DEFAULT '10',
  `company_date_update` varchar(19) COLLATE utf8_bin DEFAULT NULL,
  `company_discount` int(11) DEFAULT '0',
  `company_discount_percent` tinyint(1) NOT NULL DEFAULT '0',
  `company_ogrn` varchar(15) COLLATE utf8_bin DEFAULT NULL,
  `company_ogrn_date` varchar(10) COLLATE utf8_bin DEFAULT NULL,
  `company_person_name` varchar(128) COLLATE utf8_bin DEFAULT NULL,
  `company_person_surname` varchar(128) COLLATE utf8_bin DEFAULT NULL,
  `company_person_patronymic` varchar(128) COLLATE utf8_bin DEFAULT NULL,
  `company_person_birthday` varchar(10) COLLATE utf8_bin DEFAULT NULL,
  `company_person_birthplace` varchar(1024) COLLATE utf8_bin DEFAULT NULL,
  `company_inn` varchar(12) COLLATE utf8_bin DEFAULT NULL,
  `company_address` varchar(1024) COLLATE utf8_bin DEFAULT NULL,
  `company_doc_number` varchar(12) COLLATE utf8_bin DEFAULT NULL,
  `company_doc_date` varchar(10) COLLATE utf8_bin DEFAULT NULL,
  `company_organization_name` varchar(1024) COLLATE utf8_bin DEFAULT NULL,
  `company_organization_code` varchar(6) COLLATE utf8_bin DEFAULT NULL,
  `company_phone` varchar(20) COLLATE utf8_bin DEFAULT NULL,
  `company_email` varchar(1024) COLLATE utf8_bin DEFAULT NULL,
  `company_okved_code` varchar(8) COLLATE utf8_bin DEFAULT NULL,
  `company_okved_name` varchar(2048) COLLATE utf8_bin DEFAULT NULL,
  `purchase_id` int(11) DEFAULT NULL,
  `template_id` int(11) DEFAULT NULL,
  `company_kpp` varchar(9) COLLATE utf8_bin DEFAULT NULL,
  `company_index` varchar(9) COLLATE utf8_bin DEFAULT NULL,
  `company_house` varchar(20) COLLATE utf8_bin DEFAULT NULL,
  `company_region_type` varchar(50) COLLATE utf8_bin DEFAULT NULL,
  `company_region_name` varchar(120) COLLATE utf8_bin DEFAULT NULL,
  `company_area_type` varchar(60) COLLATE utf8_bin DEFAULT NULL,
  `company_area_name` varchar(60) COLLATE utf8_bin DEFAULT NULL,
  `company_locality_type` varchar(60) COLLATE utf8_bin DEFAULT NULL,
  `company_locality_name` varchar(60) COLLATE utf8_bin DEFAULT NULL,
  `company_street_type` varchar(60) COLLATE utf8_bin DEFAULT NULL,
  `company_street_name` varchar(60) COLLATE utf8_bin DEFAULT NULL,
  `company_innfl` varchar(12) COLLATE utf8_bin DEFAULT NULL,
  `company_person_position_type` varchar(60) COLLATE utf8_bin DEFAULT NULL,
  `company_person_position_name` varchar(60) COLLATE utf8_bin DEFAULT NULL,
  `company_doc_name` varchar(120) COLLATE utf8_bin DEFAULT NULL,
  `company_doc_gifter` varchar(256) COLLATE utf8_bin DEFAULT NULL,
  `company_doc_code` varchar(7) COLLATE utf8_bin DEFAULT NULL,
  `company_doc_house` varchar(20) COLLATE utf8_bin DEFAULT NULL,
  `company_doc_flat` varchar(40) COLLATE utf8_bin DEFAULT NULL,
  `company_doc_region_type` varchar(50) COLLATE utf8_bin DEFAULT NULL,
  `company_doc_region_name` varchar(120) COLLATE utf8_bin DEFAULT NULL,
  `company_doc_area_type` varchar(60) COLLATE utf8_bin DEFAULT NULL,
  `company_doc_area_name` varchar(60) COLLATE utf8_bin DEFAULT NULL,
  `company_doc_locality_type` varchar(60) COLLATE utf8_bin DEFAULT NULL,
  `company_doc_locality_name` varchar(60) COLLATE utf8_bin DEFAULT NULL,
  `company_doc_street_type` varchar(60) COLLATE utf8_bin DEFAULT NULL,
  `company_doc_street_name` varchar(60) COLLATE utf8_bin DEFAULT NULL,
  `city_id` int(11) DEFAULT NULL,
  `region_id` int(11) DEFAULT NULL,
  `bank_id` int(11) DEFAULT NULL
) ENGINE=InnoDB DEFAULT CHARSET=utf8 COLLATE=utf8_bin;
DELIMITER $$
CREATE TRIGGER `companies_before_insert` BEFORE INSERT ON `companies` FOR EACH ROW BEGIN
  DECLARE innLength INT(11);
  SET NEW.company_date_create = NOW();
  SET innLength = CHAR_LENGTH(NEW.company_inn);
  IF innLength = 9 OR innLength = 11
    THEN SET NEW.company_inn = CONCAT("0", NEW.company_inn);
  END IF;
  SET NEW.region_id = (SELECT region_id FROM codes WHERE code_value = SUBSTRING(NEW.company_inn, 1, 2));
  SET NEW.city_id = (SELECT city_id FROM fns_codes WHERE fns_code_value = SUBSTRING(NEW.company_inn, 1, 4));
  SET NEW.bank_id = (SELECT bank_id FROM bank_cities WHERE city_id = NEW.city_id LIMIT 1);
  SET NEW.company_phone = REPLACE(CONCAT("+", REPLACE(REPLACE(REPLACE(REPLACE(REPLACE(REPLACE(NEW.company_phone, "(", ""), ")",""), " ", ""), "-", ""), "—", ""), "+", "")), "+8", "+7");
END
$$
DELIMITER ;
DELIMITER $$
CREATE TRIGGER `companies_before_update` BEFORE UPDATE ON `companies` FOR EACH ROW BEGIN
  SET NEW.company_date_update = NOW();
END
$$
DELIMITER ;

CREATE TABLE `connections` (
  `connection_id` int(11) NOT NULL,
  `connection_hash` varchar(32) COLLATE utf8_bin NOT NULL,
  `user_id` int(11) DEFAULT NULL,
  `connection_date_create` varchar(19) COLLATE utf8_bin NOT NULL,
  `connection_date_update` varchar(19) COLLATE utf8_bin DEFAULT NULL,
  `connection_date_disconnect` varchar(19) COLLATE utf8_bin DEFAULT NULL,
  `type_id` int(11) DEFAULT NULL,
  `connection_api_id` varchar(128) COLLATE utf8_bin DEFAULT NULL,
  `connection_end` tinyint(1) NOT NULL DEFAULT '0'
) ENGINE=InnoDB DEFAULT CHARSET=utf8 COLLATE=utf8_bin;
DELIMITER $$
CREATE TRIGGER `connections_after_insert` AFTER INSERT ON `connections` FOR EACH ROW BEGIN
  IF NEW.user_id IS NOT NULL
      THEN UPDATE users SET user_connections_count = (SELECT COUNT(*) FROM connections WHERE user_id = NEW.user_id AND connection_end = 0) WHERE user_id = NEW.user_id;
  END IF;
END
$$
DELIMITER ;
DELIMITER $$
CREATE TRIGGER `connections_after_update` AFTER UPDATE ON `connections` FOR EACH ROW BEGIN
  IF NEW.user_id IS NOT NULL
      THEN UPDATE users SET user_connections_count = (SELECT COUNT(*) FROM connections WHERE user_id = NEW.user_id AND connection_end = 0) WHERE user_id = NEW.user_id;
  END IF;
END
$$
DELIMITER ;
DELIMITER $$
CREATE TRIGGER `connections_before_insert` BEFORE INSERT ON `connections` FOR EACH ROW BEGIN
  SET NEW.connection_date_create = NOW();
    IF NEW.connection_end 
      THEN SET NEW.connection_date_disconnect = NOW();
    END IF;
    hashLoop: LOOP
      SET NEW.connection_hash = getHash(32);
      IF (SELECT COUNT(*) FROM connections WHERE connection_hash = NEW.connection_hash) > 0
          THEN ITERATE hashLoop;
            ELSE LEAVE hashLoop;
        END IF;
    END LOOP;
END
$$
DELIMITER ;
DELIMITER $$
CREATE TRIGGER `connections_before_update` BEFORE UPDATE ON `connections` FOR EACH ROW BEGIN
  SET NEW.connection_date_update = NOW();
    IF NEW.connection_end
      THEN SET NEW.connection_date_disconnect = NOW();
    END IF;
END
$$
DELIMITER ;

CREATE TABLE `files` (
  `file_id` int(11) NOT NULL,
  `file_name` int(11) NOT NULL,
  `type_id` int(11) DEFAULT NULL,
  `file_date_create` varchar(19) COLLATE utf8_bin NOT NULL,
  `purchase_id` int(11) DEFAULT NULL,
  `user_id` int(11) DEFAULT NULL
) ENGINE=InnoDB DEFAULT CHARSET=utf8 COLLATE=utf8_bin;
DELIMITER $$
CREATE TRIGGER `files_before_insert` BEFORE INSERT ON `files` FOR EACH ROW BEGIN
  SET NEW.file_date_create = NOW();
END
$$
DELIMITER ;

CREATE TABLE `fns_codes` (
  `fns_code_id` int(11) NOT NULL,
  `region_id` int(11) DEFAULT NULL,
  `fns_code_value` int(2) NOT NULL,
  `city_id` int(11) DEFAULT NULL,
  `fns_name` varchar(128) COLLATE utf8_bin NOT NULL
) ENGINE=InnoDB DEFAULT CHARSET=utf8 COLLATE=utf8_bin;

INSERT INTO `fns_codes` (`fns_code_id`, `region_id`, `fns_code_value`, `city_id`, `fns_name`) VALUES
(1, 1, 100, 1, ' Управление ФНС России по Республике Адыгея'),
(2, 1, 101, 2, ' Межрайонная ИФНС России №2 по Республике Адыгея'),
(3, 1, 105, 1, ' Межрайонная ИФНС России №1 по Республике Адыгея'),
(4, 1, 107, 3, ' Межрайонная ИФНС России №3 по Республике Адыгея'),
(5, 2, 200, 4, ' УФНС России по Республике Башкортостан'),
(6, 2, 252, 4, ' Межрайонная ИФНС России по крупнейшим налогоплательщикам по Республике Башкортостан'),
(7, 2, 256, 5, ' Межрайонная ИФНС России № 20 по Республике Башкортостан'),
(8, 2, 261, 6, ' Межрайонная ИФНС России № 25 по Республике Башкортостан'),
(9, 2, 264, 7, ' Межрайонная ИФНС России № 29 по Республике Башкортостан'),
(10, 2, 267, 8, ' Межрайонная ИФНС России № 37 по Республике Башкортостан'),
(11, 2, 268, 9, ' Межрайонная ИФНС России № 3 по Республике Башкортостан'),
(12, 2, 269, 10, ' Межрайонная ИФНС России № 27 по Республике Башкортостан'),
(13, 2, 272, 4, ' Межрайонная ИФНС России № 30 по Республике Башкортостан'),
(14, 2, 273, 4, ' Межрайонная ИФНС России № 31 по Республике Башкортостан'),
(15, 2, 274, 4, ' Межрайонная ИФНС России № 40 по Республике Башкортостан'),
(16, 2, 276, 4, ' Межрайонная ИФНС России № 2 по Республике Башкортостан'),
(17, 2, 277, 4, ' Межрайонная ИФНС России № 33 по Республике Башкортостан'),
(18, 2, 278, 4, ' Межрайонная ИФНС России № 1 по Республике Башкортостан'),
(19, 2, 280, 4, ' Межрайонная ИФНС России № 39 по Республике Башкортостан'),
(20, 3, 300, 11, ' УФНС России по РБ'),
(21, 3, 309, 12, ' МРИ ФНС России №8 по Республике Бурятия'),
(22, 3, 317, 13, ' МРИ ФНС России №4 по Республике Бурятия'),
(23, 3, 318, 14, ' МРИ ФНС России №3 по Республике Бурятия'),
(24, 3, 323, 11, ' МРИ ФНС России №1 по Республике Бурятия'),
(25, 3, 326, 11, ' МРИ ФНС России №2 по Республике Бурятия'),
(26, 3, 327, 11, ' Межрайонная ИФНС России №9 по Республике Бурятия'),
(27, 4, 400, 15, ' Управление ФНС России по Республике Алтай'),
(28, 4, 404, 16, ' Межрайонная ИФНС России №2 по Республике Алтай'),
(29, 4, 411, 15, ' Межрайонная ИФНС России №5 по Республике Алтай'),
(30, 5, 500, 17, ' УФНС России по Республике Дагестан'),
(31, 5, 506, 18, ' Межрайонная ИФНС России № 12 по РД'),
(32, 5, 507, 19, ' Межрайонная ИФНС России № 7 по РД'),
(33, 5, 521, NULL, ' Межрайонная ИФНС России № 9 по РД'),
(34, 5, 522, NULL, ' Межрайонная ИФНС России № 5 по РД'),
(35, 5, 529, NULL, ' Межрайонная ИФНС России № 2 по РД'),
(36, 5, 531, NULL, ' Межрайонная ИФНС России № 16 по РД'),
(37, 5, 533, 20, ' Межрайонная ИФНС России № 10 по РД'),
(38, 5, 536, NULL, ' Межрайонная ИФНС России № 13 по РД'),
(39, 5, 541, 17, ' Межрайонная ИФНС России по крупнейшим налогоплательщикам по РД'),
(40, 5, 542, 21, ' Межрайонная ИФНС России № 3 по РД'),
(41, 5, 544, 22, ' Межрайонная ИФНС России № 17 по РД'),
(42, 5, 545, 23, ' ИФНС России по г.Каспийску РД'),
(43, 5, 546, 24, ' Межрайонная ИФНС России № 8 по РД'),
(44, 5, 547, NULL, ' Межрайонная ИФНС России № 15 по РД'),
(45, 5, 548, 25, ' Межрайонная ИФНС России № 6 по РД'),
(46, 5, 550, 26, ' Межрайонная ИФНС России № 4 по РД'),
(47, 5, 571, 17, ' ИФНС России по Ленинскому району г.Махачкалы'),
(48, 5, 572, 17, ' ИФНС России по Советскому району г.Махачкалы'),
(49, 5, 573, 17, ' ИФНС России по Кировскому району г.Махачкалы'),
(50, 6, 600, 27, ' Управление ФНС России по Республике Ингушетия'),
(51, 6, 601, 28, ' Межрайонная инспекция ФНС России №3 по Республике Ингушетия'),
(52, 6, 603, 29, ' Межрайонная инспекция ФНС России №2 по Республике Ингушетия'),
(53, 6, 608, 30, ' Межрайонная инспекция ФНС России №1 по Республике Ингушетия'),
(54, 7, 700, 31, ' УФНС России по КБР'),
(55, 7, 716, 32, ' Межрайонная ИФНС России №4 по КБР'),
(56, 7, 718, 33, ' Межрайонная ИФНС России №2 по КБР'),
(57, 7, 720, 34, ' Межрайонная ИФНС России №5 по КБР'),
(58, 7, 724, 35, ' Межрайонная ИФНС России №6 по КБР'),
(59, 7, 725, 31, ' ИФНС России №1 по г. Нальчику КБР'),
(60, 7, 726, 31, ' ИФНС России №2 по г. Нальчику КБР'),
(61, 8, 800, 36, ' Управление ФНС России по Республике Калмыкия'),
(62, 8, 801, 37, ' Межрайонная ИФНС России № 1 по Республике Калмыкия'),
(63, 8, 813, 38, ' Межрайонная ИФНС России № 3 по Республике Калмыкия'),
(64, 8, 816, 36, ' ИФНС России по г.Элисте'),
(65, 8, 817, NULL, ' Межрайонная ИФНС России № 2 по Республике Калмыкия'),
(66, 9, 900, NULL, ' Управление ФНС России по Карачаево-Черкесской Республике'),
(67, 9, 912, NULL, ' Межрайонная ИФНС России № 2 по Карачаево-Черкесской Республике'),
(68, 9, 916, 39, ' Межрайонная ИФНС России № 1 по Карачаево-Черкесской Республике'),
(69, 9, 917, 40, ' Межрайонная ИФНС России № 3 по Карачаево-Черкесской Республике'),
(70, 9, 918, NULL, ' Межрайонная ИФНС России № 4 по Карачаево-Черкесской Республике'),
(71, 9, 919, 41, ' Межрайонная ИФНС России № 5 по Карачаево-Черкесской Республике'),
(72, 9, 920, 42, ' Межрайонная ИФНС России № 6 по Карачаево-Черкесской Республике'),
(73, 10, 1000, 43, ' УФНС России по Республике Карелия'),
(74, 10, 1001, 43, ' ИФНС России по г.Петрозаводску'),
(75, 10, 1031, 44, ' Межрайонная ИФНС России №1 по Республике Карелия'),
(76, 10, 1032, 45, ' Межрайонная ИФНС России № 2 по Республике Карелия'),
(77, 10, 1035, 46, ' Межрайонная ИФНС России № 5 по Республике Карелия'),
(78, 10, 1039, 47, ' Межрайонная ИФНС России № 9 по Республике Карелия'),
(79, 10, 1040, 43, ' Межрайонная ИФНС России № 10 по Республике Карелия'),
(80, 11, 1100, 48, ' УФНС России по Республике Коми'),
(81, 11, 1101, 48, ' ИФНС России по г. Сыктывкару'),
(82, 11, 1102, 49, ' Межрайонная ИФНС России № 3 по Республике Коми'),
(83, 11, 1103, 50, ' ИФНС России по г. Воркуте Республики Коми'),
(84, 11, 1104, 51, ' ИФНС России по г. Инте Республики Коми'),
(85, 11, 1105, 52, ' Межрайонная ИФНС России № 2 по Республике Коми'),
(86, 11, 1106, 53, ' ИФНС России по г. Усинску Республики Коми'),
(87, 11, 1108, 54, ' Межрайонная ИФНС России № 4 по Республике Коми'),
(88, 11, 1109, 55, ' Межрайонная ИФНС России № 1 по Республике Коми'),
(89, 11, 1121, 48, ' Межрайонная ИФНС России № 5 по Республике Коми'),
(90, 11, 1122, 48, ' Межрайонная ИФНС России по крупнейшим налогоплательщикам по Республике Коми'),
(91, 12, 1200, 56, ' УФНС России по Республике Марий Эл'),
(92, 12, 1215, 56, ' ИФНС России по г. Йошкар-Оле'),
(93, 12, 1218, 57, ' Межрайонная ИФНС России № 1 по Республике Марий Эл'),
(94, 12, 1223, 58, ' Межрайонная ИФНС России № 6 по Республике Марий Эл'),
(95, 12, 1224, 59, ' Межрайонная ИФНС России № 4 по Республике Марий Эл'),
(96, 12, 1225, 60, ' Межрайонная ИФНС России № 2 по Республике Марий Эл'),
(97, 12, 1226, NULL, ' Межрайонная ИФНС России № 3 по Республике Марий Эл'),
(98, 13, 1300, 61, ' УФНС России по Республике Мордовия'),
(99, 13, 1308, 62, ' Межрайонная ИФНС России № 6 по Республике Мордовия'),
(100, 13, 1310, 63, ' Межрайонная ИФНС России № 4 по Республике Мордовия'),
(101, 13, 1314, NULL, ' Межрайонная ИФНС России № 7 по Республике Мордовия'),
(102, 13, 1322, 64, ' Межрайонная ИФНС России № 3 по Республике Мордовия'),
(103, 13, 1323, NULL, ' Межрайонная ИФНС России № 5 по Республике Мордовия'),
(104, 13, 1324, 65, ' Межрайонная ИФНС России № 2 по Республике Мордовия'),
(105, 13, 1326, 61, ' ИФНС России по Ленинскому району г. Саранска'),
(106, 13, 1327, 61, ' Межрайонная ИФНС России № 1 по Республике Мордовия'),
(107, 13, 1328, 61, ' ИФНС России по Октябрьскому району г. Саранска'),
(108, 14, 1400, 66, ' Управление ФНС России по Республике Саха (Якутия)'),
(109, 14, 1402, 67, ' ИФНС России по Алданскому району Республики Саха (Якутия)'),
(110, 14, 1426, 68, ' Межрайонная ИФНС России № 9 по Республике Саха (Якутия)'),
(111, 14, 1434, 69, ' ИФНС России по Нерюнгринскому району Республики Саха (Якутия)'),
(112, 14, 1436, 70, ' Межрайонная ИФНС России № 1 по Республике Саха (Якутия)'),
(113, 14, 1445, 71, ' Межрайонная ИФНС России № 3 по Республике Саха (Якутия)'),
(114, 14, 1446, NULL, ' Межрайонная ИФНС России № 4 по Республике Саха (Якутия)'),
(115, 14, 1447, 66, ' Межрайонная ИФНС России № 5 по Республике Саха (Якутия)'),
(116, 14, 1448, 66, ' Межрайонная ИФНС России № 8 по Республике Саха (Якутия)'),
(117, 14, 1449, 66, ' Межрайонная ИФНС России по крупнейшим налогоплательщикам по Республике Саха (Якутия)'),
(118, 14, 1450, 72, ' Межрайонная ИФНС России № 2 по Республике Саха (Якутия)'),
(119, 15, 1500, 73, ' Управление ФНС России по Республике Северная Осетия-Алания'),
(120, 15, 1510, 74, ' ИФНС России по Моздокскому району по Республике Северная Осетия-Алания'),
(121, 15, 1511, 75, ' Межрайонная ИФНС России №3 по Республике Северная Осетия-Алания'),
(122, 15, 1512, 76, ' ИФНС России по Пригородному району по Республике Северная Осетия-Алания'),
(123, 15, 1513, 73, ' Межрайонная ИФНС России по г.Владикавказу'),
(124, 15, 1514, 77, ' Межрайонная ИФНС России №4 по Республике Северная Осетия-Алания'),
(125, 16, 1600, 78, ' УФНС России по Республике Татарстан'),
(126, 16, 1644, 79, ' Межрайонная ИФНС России № 16 по Республике Татарстан'),
(127, 16, 1650, 80, ' ИФНС России по г. Набережные Челны Республики Татарстан'),
(128, 16, 1651, 81, ' Межрайонная ИФНС России № 11 по Республике Татарстан'),
(129, 16, 1655, 78, ' Межрайонная ИФНС России № 14 по Республике Татарстан'),
(130, 16, 1656, 78, ' Межрайонная ИФНС России № 19 по Республике Татарстан'),
(131, 16, 1658, 78, ' ИФНС России по Московскому району г. Казани'),
(132, 16, 1673, 82, ' Межрайонная ИФНС России № 8 по Республике Татарстан'),
(133, 16, 1674, 83, ' Межрайонная ИФНС России № 9 по Республике Татарстан'),
(134, 16, 1675, 84, ' Межрайонная ИФНС России № 10 по Республике Татарстан'),
(135, 16, 1677, 85, ' Межрайонная ИФНС России № 12 по Республике Татарстан'),
(136, 16, 1681, 78, ' Межрайонная ИФНС России по крупнейшим налогоплательщикам по Республике Татарстан'),
(137, 16, 1683, 78, ' Межрайонная ИФНС России № 3 по Республике Татарстан'),
(138, 16, 1684, 78, ' Межрайонная ИФНС России № 4 по Республике Татарстан'),
(139, 16, 1685, 78, ' Межрайонная ИФНС России № 5 по Республике Татарстан'),
(140, 16, 1686, 78, ' Межрайонная ИФНС России № 6 по Республике Татарстан'),
(141, 16, 1689, 86, ' Межрайонная ИФНС России № 17 по Республике Татарстан'),
(142, 16, 1690, 78, ' Межрайонная ИФНС России №18 по Республике Татарстан'),
(143, 17, 1700, 87, ' УФНС России по Республике Тыва'),
(144, 17, 1719, 87, ' Межрайонная ИФНС России № 1 по Республике Тыва'),
(145, 17, 1720, NULL, ' Межрайонная ИФНС России № 2 по Республике Тыва'),
(146, 17, 1721, 88, ' Межрайонная ИФНС России № 3 по Республике Тыва'),
(147, 17, 1722, NULL, ' Межрайонная ИФНС России № 4 по Республике Тыва'),
(148, 18, 1800, 89, ' УФНС России по Удмуртской Республике'),
(149, 18, 1821, 90, ' Межрайонная ИФНС России № 6 по Удмуртской Республике'),
(150, 18, 1828, 91, ' Межрайонная ИФНС России № 3 по Удмуртской Республике'),
(151, 18, 1831, 89, ' Межрайонная ИФНС России № 10 по Удмуртской Республике'),
(152, 18, 1832, 89, ' ИФНС России по Ленинскому району г.Ижевска'),
(153, 18, 1836, 89, ' Межрайонная ИФНС России по крупнейшим налогоплательщикам по Удмуртской Республике'),
(154, 18, 1837, 92, ' Межрайонная ИФНС России № 2 по Удмуртской Республике'),
(155, 18, 1838, 93, ' Межрайонная ИФНС России № 5 по Удмуртской Республике'),
(156, 18, 1839, 94, ' Межрайонная ИФНС России № 7 по Удмуртской Республике'),
(157, 18, 1840, 89, ' Межрайонная ИФНС России № 8 по Удмуртской Республике'),
(158, 18, 1841, 89, ' Межрайонная ИФНС России № 9 по Удмуртской Республике'),
(159, 19, 1900, 95, ' Управление ФНС России по Республике Хакасия'),
(160, 19, 1901, 95, ' Межрайонная ИФНС России №1 по Республике Хакасия'),
(161, 19, 1902, 96, ' Межрайонная ИФНС России №2 по Республике Хакасия'),
(162, 19, 1903, 97, ' Межрайонная ИФНС России №3 по Республике Хакасия'),
(163, 87, 2000, 98, ' УФНС России по Чеченской Республике'),
(164, 87, 2031, 98, ' Межрайонная ИФНС России №1 по Чеченской Республике'),
(165, 87, 2032, 99, ' Межрайонная ИФНС России №2 по Чеченской Республике'),
(166, 87, 2033, 100, ' Межрайонная ИФНС России №3 по Чеченской Республике'),
(167, 87, 2034, 101, ' Межрайонная ИФНС России №4 по Чеченской Республике'),
(168, 87, 2035, 102, ' Межрайонная ИФНС России №5 по Чеченской Республике'),
(169, 20, 2100, 103, ' УФНС России по Чувашской Республике'),
(170, 20, 2124, 104, ' ИФНС России по г.Новочебоксарску'),
(171, 20, 2130, 103, ' ИФНС России по г.Чебоксары'),
(172, 20, 2131, 105, ' Межрайонная ИФНС России № 1 по Чувашской Республике'),
(173, 20, 2132, 106, ' Межрайонная ИФНС России № 2 по Чувашской Республике'),
(174, 20, 2133, 107, ' Межрайонная ИФНС России № 3 по Чувашской Республике'),
(175, 20, 2134, 108, ' Межрайонная ИФНС России № 4 по Чувашской Республике'),
(176, 20, 2135, 109, ' Межрайонная ИФНС России № 5 по Чувашской Республике'),
(177, 20, 2137, 110, ' Межрайонная ИФНС России № 7 по Чувашской Республике'),
(178, 20, 2138, 111, ' Межрайонная ИФНС России № 8 по Чувашской Республике'),
(179, 21, 2200, 112, ' Управление ФНС России по Алтайскому краю'),
(180, 21, 2201, 113, ' Межрайонная ИФНС России № 10 по Алтайскому краю'),
(181, 21, 2202, 112, ' Межрайонная ИФНС России по крупнейшим налогоплательщикам Алтайского края'),
(182, 21, 2204, 114, ' Межрайонная ИФНС России №1 по Алтайскому краю'),
(183, 21, 2207, 115, ' Межрайонная ИФНС России № 6 по Алтайскому краю'),
(184, 21, 2208, 116, ' Межрайонная ИФНС России № 4 по Алтайскому краю'),
(185, 21, 2209, 117, ' Межрайонная ИФНС России № 12 по Алтайскому краю'),
(186, 21, 2210, 118, ' Межрайонная ИФНС России № 9 по Алтайскому краю'),
(187, 21, 2223, 112, ' Межрайонная ИФНС России № 14 по Алтайскому краю'),
(188, 21, 2224, 112, ' ИФНС России по Октябрьскому району г. Барнаула'),
(189, 21, 2225, 112, ' Межрайонная ИФНС России № 15 по Алтайскому краю'),
(190, 21, 2235, NULL, ' Межрайонная ИФНС России № 8 по Алтайскому краю'),
(191, 21, 2261, 119, ' Межрайонная ИФНС России № 7 по Алтайскому краю'),
(192, 22, 2300, 120, ' УФНС России по Краснодарскому краю'),
(193, 22, 2301, 121, ' ИФНС России по городу-курорту Анапа Краснодарского края'),
(194, 22, 2304, 122, ' ИФНС России по городу-курорту Геленджику Краснодарского края'),
(195, 22, 2307, 120, ' Межрайонная ИФНС России по крупнейшим налогоплательщикам по Краснодарскому краю'),
(196, 22, 2308, 120, ' ИФНС России №1 по г. Краснодару'),
(197, 22, 2309, 120, ' ИФНС России №3 по г. Краснодару'),
(198, 22, 2310, 120, ' ИФНС России №2 по г. Краснодару'),
(199, 22, 2311, 120, ' ИФНС России №4 по г. Краснодару'),
(200, 22, 2312, 120, ' ИФНС России №5 по г. Краснодару'),
(201, 22, 2315, 123, ' ИФНС России по г. Новороссийску Краснодарского края'),
(202, 22, 2323, 124, ' ИФНС России по Абинскому району Краснодарского края'),
(203, 22, 2337, 125, ' ИФНС России по г. Крымску Краснодарского края'),
(204, 22, 2348, 126, ' ИФНС России по Северскому району Краснодарского края'),
(205, 22, 2352, 127, ' ИФНС России по Темрюкскому району Краснодарского края'),
(206, 22, 2360, 128, ' Межрайонная ИФНС России № 1 по Краснодарскому краю'),
(207, 22, 2361, 129, ' Межрайонная ИФНС России № 2 по Краснодарскому краю'),
(208, 22, 2362, 130, ' Межрайонная ИФНС России № 3 по Краснодарскому краю'),
(209, 22, 2363, 131, ' Межрайонная ИФНС России № 4 по Краснодарскому краю'),
(210, 22, 2364, 132, ' Межрайонная ИФНС России № 5 по Краснодарскому краю'),
(211, 22, 2365, 133, ' Межрайонная ИФНС России № 6 по Краснодарскому краю'),
(212, 22, 2366, 134, ' Межрайонная ИФНС России № 7 по Краснодарскому краю'),
(213, 22, 2367, 135, ' Межрайонная ИФНС России № 8 по Краснодарскому краю'),
(214, 22, 2368, 136, ' Межрайонная ИФНС России №9 по Краснодарскому краю'),
(215, 22, 2369, 137, ' Межрайонная ИФНС России № 10 по Краснодарскому краю'),
(216, 22, 2370, 138, ' Межрайонная ИФНС России № 11 по Краснодарскому краю'),
(217, 22, 2371, 139, ' Межрайонная ИФНС России № 12 по Краснодарскому краю'),
(218, 22, 2372, 140, ' Межрайонная ИФНС России № 13 по Краснодарскому краю'),
(219, 22, 2373, 141, ' Межрайонная ИФНС России № 14 по Краснодарскому краю'),
(220, 22, 2374, 142, ' Межрайонная ИФНС России № 15 по Краснодарскому краю'),
(221, 23, 2400, 143, ' Управление ФНС России по Красноярскому краю'),
(222, 23, 2411, 144, ' Межрайонная ИФНС России № 17 по Красноярскому краю'),
(223, 23, 2420, 145, ' Межрайонная ИФНС России № 18 по Красноярскому краю'),
(224, 23, 2443, 146, ' Межрайонная ИФНС России № 4 по Красноярскому краю'),
(225, 23, 2448, 147, ' Межрайонная ИФНС России № 7 по Красноярскому краю'),
(226, 23, 2450, 148, ' Межрайонная ИФНС России № 8 по Красноярскому краю'),
(227, 23, 2452, 149, ' Межрайонная ИФНС России №26 по Красноярскому краю'),
(228, 23, 2454, 150, ' Межрайонная ИФНС России № 9 по Красноярскому краю'),
(229, 23, 2455, 151, ' Межрайонная ИФНС России № 10 по Красноярскому краю'),
(230, 23, 2457, 152, ' Межрайонная ИФНС России № 25 по Красноярскому краю'),
(231, 23, 2459, 153, ' Межрайонная ИФНС России № 12 по Красноярскому краю'),
(232, 23, 2460, 143, ' ИФНС России по Железнодорожному району г.Красноярска'),
(233, 23, 2461, 143, ' Межрайонная ИФНС России № 24 по Красноярскому краю'),
(234, 23, 2463, 143, ' ИФНС России по Октябрьскому району г.Красноярска'),
(235, 23, 2464, 143, ' Межрайонная ИФНС России № 22 по Красноярскому краю'),
(236, 23, 2465, 143, ' ИФНС Роcсии по Советскому району г.Красноярска'),
(237, 23, 2466, 143, ' ИФНС России по Центральному району г.Красноярска'),
(238, 23, 2467, 143, ' Межрайонная ИФНС России по крупнейшим налогоплательщикам по Красноярскому краю'),
(239, 23, 2468, 143, ' Межрайонная ИФНС России № 23 по Красноярскому краю'),
(240, 24, 2500, 154, ' УФНС России по Приморскому краю'),
(241, 24, 2501, 155, ' Межрайонная ИФНС России №4 по Приморскому краю'),
(242, 24, 2502, 156, ' Межрайонная ИФНС России № 10 по Приморскому краю'),
(243, 24, 2503, 157, ' Межрайонная ИФНС России № 1 по Приморскому краю'),
(244, 24, 2505, 158, ' Межрайонная ИФНС России № 6 по Приморскому краю'),
(245, 24, 2506, 159, ' Межрайонная ИФНС России № 2 по Приморскому краю'),
(246, 24, 2507, 160, ' Межрайонная ИФНС России № 7 по Приморскому краю'),
(247, 24, 2508, 161, ' ИФНС России по г.Находке Приморского края'),
(248, 24, 2509, 162, ' Межрайонная ИФНС России №8 по Приморскому краю'),
(249, 24, 2510, 163, ' Межрайонная ИФНС России № 3 по Приморскому краю'),
(250, 24, 2511, 164, ' Межрайонная ИФНС России №9 по Приморскому краю'),
(251, 24, 2515, 165, ' Межрайонная ИФНС России № 5 по Приморскому краю'),
(252, 24, 2533, 166, ' Межрайонная ИФНС России №11 по Приморскому краю'),
(253, 24, 2536, 154, ' ИФНС России по Ленинскому району г.Владивостока'),
(254, 24, 2537, 154, ' ИФНС России по Первомайскому району г. Владивостока'),
(255, 24, 2540, 154, ' ИФНС России по Фрунзенскому району г.Владивостока'),
(256, 24, 2542, 154, ' Межрайонная ИФНС России по крупнейшим налогоплательщикам по Приморскому краю'),
(257, 24, 2543, 154, ' Межрайонная ИФНС России № 12 по Приморскому краю'),
(258, 25, 2600, 167, ' УФНС России по Ставропольскому краю'),
(259, 25, 2625, 168, ' ИФНС России по г.Георгиевску Ставропольского края'),
(260, 25, 2628, 169, ' ИФНС России по г.Кисловодску Ставропольского края'),
(261, 25, 2632, 170, ' ИФНС России по г.Пятигорску Ставропольского края'),
(262, 25, 2634, 167, ' ИФНС России по Ленинскому району г.Ставрополя'),
(263, 25, 2635, 167, ' Межрайонная ИФНС России № 12 по Ставропольскому краю'),
(264, 25, 2641, 171, ' Межрайонная ИФНС России № 1 по Ставропольскому краю'),
(265, 25, 2643, 172, ' Межрайонная ИФНС России № 3 по Ставропольскому краю'),
(266, 25, 2644, 173, ' Межрайонная ИФНС России № 4 по Ставропольскому краю'),
(267, 25, 2645, 174, ' Межрайонная ИФНС России № 5 по Ставропольскому краю'),
(268, 25, 2646, 175, ' Межрайонная ИФНС России № 6 по Ставропольскому краю'),
(269, 25, 2648, 176, ' Межрайонная ИФНС России № 8 по Ставропольскому краю'),
(270, 25, 2649, 177, ' Межрайонная ИФНС России № 9 по Ставропольскому краю'),
(271, 25, 2650, 178, ' Межрайонная ИФНС России № 10 по Ставропольскому краю'),
(272, 26, 2700, 179, ' УФНС России по Хабаровскому краю'),
(273, 26, 2703, 180, ' ИФНС России по г.Комсомольску-на-Амуре Хабаровского края'),
(274, 26, 2705, 181, ' Межрайонная ИФНС России №1 по Хабаровскому краю'),
(275, 26, 2709, NULL, ' Межрайонная ИФНС России №5 по Хабаровскому краю'),
(276, 26, 2720, 179, ' Межрайонная ИФНС России №3 по Хабаровскому краю'),
(277, 26, 2721, 179, ' ИФНС России по Центральному району г.Хабаровска'),
(278, 26, 2722, 179, ' Межрайонная ИФНС России №6 по Хабаровскому краю'),
(279, 26, 2723, 179, ' ИФНС России по Индустриальному району г.Хабаровска'),
(280, 26, 2724, 179, ' ИФНС России по Железнодорожному району г.Хабаровска'),
(281, 26, 2728, 180, ' Межрайонная ИФНС России № 8 по Хабаровскому краю'),
(282, 27, 2800, 182, ' УФНС России по Амурской области'),
(283, 27, 2801, 182, ' Межрайонная ИФНС России № 1 по Амурской области'),
(284, 27, 2804, 183, ' Межрайонная ИФНС России № 3 по Амурской области'),
(285, 27, 2807, 184, ' Межрайонная ИФНС России № 5 по Амурской области'),
(286, 27, 2808, 185, ' Межрайонная ИФНС России № 7 по Амурской области'),
(287, 27, 2813, 186, ' Межрайонная ИФНС России № 2 по Амурской области'),
(288, 27, 2815, 187, ' Межрайонная ИФНС России № 4 по Амурской области'),
(289, 27, 2827, 188, ' Межрайонная ИФНС России № 6 по Амурской области'),
(290, 28, 2900, 189, ' УФНС России по Архангельской области и Ненецкому автономному округу'),
(291, 28, 2901, 189, ' ИФНС России по г. Архангельску'),
(292, 28, 2903, 190, ' Межрайонная ИФНС России № 3 по Архангельской области и Ненецкому автономному округу'),
(293, 28, 2904, 191, ' Межрайонная ИФНС России № 1 по Архангельской области и Ненецкому автономному округу'),
(294, 28, 2907, 192, ' Межрайонная ИФНС России № 8 по Архангельской области и Ненецкому автономному округу'),
(295, 28, 2918, 193, ' Межрайонная ИФНС России № 5 по Архангельской области и Ненецкому автономному округу'),
(296, 28, 2920, 194, ' Межрайонная ИФНС России № 6 по Архангельской области и Ненецкому автономному округу'),
(297, 28, 2931, 189, ' Межрайонная ИФНС России по крупнейшим налогоплательщикам по Архангельской области и Ненецкому автономному округу'),
(298, 28, 2983, 195, ' Межрайонная ИФНС России № 4 по Архангельской области и Ненецкому автономному округу'),
(299, 29, 3000, 196, ' УФНС России по Астраханской области'),
(300, 29, 3015, 196, ' ИФНС России по Кировскому району г.Астрахани'),
(301, 29, 3019, 196, ' Межрайонная ИФНС России № 1 по Астраханской области'),
(302, 29, 3022, 197, ' Межрайонная ИФНС России № 4 по Астраханской области'),
(303, 29, 3023, 196, ' Межрайонная ИФНС России № 5 по Астраханской области'),
(304, 29, 3025, 196, ' Межрайонная ИФНС России № 6 по Астраханской области'),
(305, 30, 3100, 198, ' УФНС России по Белгородской области'),
(306, 30, 3114, 199, ' Межрайонная ИФНС России №6 по Белгородской области'),
(307, 30, 3116, 200, ' Межрайонная ИФНС России №5 по Белгородской области'),
(308, 30, 3120, 201, ' Межрайонная ИФНС России №7 по Белгородской области'),
(309, 30, 3122, 202, ' Межрайонная ИФНС России №1 по Белгородской области'),
(310, 30, 3123, 198, ' ИФНС России по г.Белгороду'),
(311, 30, 3126, 203, ' Межрайонная ИФНС России №3 по Белгородской области'),
(312, 30, 3127, 204, ' Межрайонная ИФНС России №8 по Белгородской области'),
(313, 30, 3128, 205, ' Межрайонная ИФНС России №4 по Белгородской области'),
(314, 30, 3130, 198, ' Межрайонная ИФНС России №2 по Белгородской области'),
(315, 31, 3200, 206, ' УФНС России по Брянской области'),
(316, 31, 3241, 207, ' Межрайонная ИФНС России № 1 по Брянской области'),
(317, 31, 3245, 206, ' Межрайонная ИФНС России № 5 по Брянской области'),
(318, 31, 3252, 208, ' Межрайонная ИФНС России № 7 по Брянской области'),
(319, 31, 3253, 209, ' Межрайонная ИФНС России № 8 по Брянской области'),
(320, 31, 3256, 206, ' Межрайонная ИФНС России № 10 по Брянской области'),
(321, 31, 3257, 206, ' ИФНС России по г. Брянску'),
(322, 32, 3300, 210, ' УФНС России по Владимирской области'),
(323, 32, 3302, 210, ' Межрайонная ИФНС России по крупнейшим налогоплательщикам по Владимирской области'),
(324, 32, 3304, 211, ' Межрайонная ИФНС России № 1 по Владимирской области'),
(325, 32, 3316, 212, ' Межрайонная ИФНС России № 11 по Владимирской области'),
(326, 32, 3326, 213, ' Межрайонная ИФНС России № 3 по Владимирской области'),
(327, 32, 3327, 210, ' Межрайонная ИФНС России № 12 по Владимирской области'),
(328, 32, 3328, 210, ' ИФНС России по Октябрьскому району г.Владимира'),
(329, 32, 3332, 214, ' Межрайонная ИФНС России № 2 по Владимирской области.'),
(330, 32, 3334, 215, ' Межрайонная ИФНС России № 4 по Владимирской области'),
(331, 32, 3339, 216, ' Межрайонная ИФНС России № 9 по Владимирской области'),
(332, 32, 3340, 210, ' Межрайонная ИФНС России № 10 по Владимирской области'),
(333, 33, 3400, 217, ' УФНС России по Волгоградской области'),
(334, 33, 3435, 218, ' ИФНС России по г.Волжскому Волгоградской области'),
(335, 33, 3443, 217, ' ИФНС России по Дзержинскому району г.Волгограда'),
(336, 33, 3444, 217, ' ИФНС России по Центральному району г.Волгограда'),
(337, 33, 3452, 217, ' Межрайонная ИФНС России №2 по Волгоградской области'),
(338, 33, 3453, 219, ' Межрайонная ИФНС России №3 по Волгоградской области'),
(339, 33, 3454, 220, ' Межрайонная ИФНС России №4 по Волгоградской области'),
(340, 33, 3455, 221, ' Межрайонная ИФНС России №5 по Волгоградской области'),
(341, 33, 3456, 222, ' Межрайонная ИФНС России №6 по Волгоградской области'),
(342, 33, 3457, 223, ' Межрайонная ИФНС России №7 по Волгоградской области'),
(343, 33, 3458, 224, ' Межрайонная ИФНС России №8 по Волгоградской области'),
(344, 33, 3459, 217, ' Межрайонная ИФНС России №9 по Волгоградской области'),
(345, 33, 3460, 217, ' Межрайонная ИФНС России №10 по Волгоградской области'),
(346, 33, 3461, 217, ' Межрайонная ИФНС России №11 по Волгоградской области'),
(347, 34, 3500, 225, ' УФНС России по Вологодской области'),
(348, 34, 3525, 225, ' Межрайонная ИФНС России № 11 по Вологодской области'),
(349, 34, 3528, 226, ' Межрайонная ИФНС России № 12 по Вологодской области'),
(350, 34, 3529, 225, ' Межрайонная ИФНС России № 1 по Вологодской области'),
(351, 34, 3532, 227, ' Межрайонная ИФНС России № 4 по Вологодской области'),
(352, 34, 3533, NULL, ' Межрайонная ИФНС России № 5 по Вологодской области'),
(353, 34, 3535, 228, ' Межрайонная ИФНС России № 7 по Вологодской области'),
(354, 34, 3536, 226, ' Межрайонная ИФНС России № 8 по Вологодской области'),
(355, 34, 3537, 229, ' Межрайонная ИФНС России № 9 по Вологодской области'),
(356, 34, 3538, 230, ' Межрайонная ИФНС России № 10 по Вологодской области'),
(357, 34, 3539, 225, ' Межрайонная ИФНС России по крупнейшим налогоплательщикам по Вологодской области'),
(358, 35, 3600, 231, ' УФНС России по Воронежской области'),
(359, 35, 3601, NULL, ' Межрайонная ИФНС России № 5 по Воронежской области'),
(360, 35, 3604, 232, ' Межрайонная ИФНС России № 3 по Воронежской области'),
(361, 35, 3610, 233, ' Межрайонная ИФНС России № 9 по Воронежской области'),
(362, 35, 3620, 119, ' Межрайонная ИФНС России № 6 по Воронежской области'),
(363, 35, 3627, 234, ' Межрайонная ИФНС России № 4 по Воронежской области'),
(364, 35, 3628, 235, ' Межрайонная ИФНС России № 8 по Воронежской области'),
(365, 35, 3629, 236, ' Межрайонная ИФНС России № 2 по Воронежской области'),
(366, 35, 3652, 237, ' Межрайонная ИФНС России № 14 по Воронежской области'),
(367, 35, 3661, 231, ' Межрайонная ИФНС России № 13 по Воронежской области'),
(368, 35, 3662, 231, ' ИФНС России по Коминтерновскому району г. Воронежа'),
(369, 35, 3663, 231, ' ИФНС России по Левобережному району г. Воронежа'),
(370, 35, 3664, 231, ' ИФНС России по Ленинскому району г. Воронежа'),
(371, 35, 3665, 231, ' ИФНС России по Советскому району г. Воронежа'),
(372, 35, 3666, 231, ' Межрайонная ИФНС России № 1 по Воронежской области'),
(373, 35, 3667, 231, ' Межрайонная ИФНС России по крупнейшим налогоплательщикам по Воронежской области'),
(374, 35, 3668, 231, ' Межрайонная ИФНС России № 12 по Воронежской области'),
(375, 36, 3700, 238, ' УФНС России по Ивановской области'),
(376, 36, 3701, 239, ' Межрайонная ИФНС России № 1 по Ивановской области'),
(377, 36, 3702, 238, ' ИФНС России по г.Иваново'),
(378, 36, 3703, 240, ' Межрайонная ИФНС России № 5 по Ивановской области'),
(379, 36, 3704, 241, ' Межрайонная ИФНС России № 2 по Ивановской области'),
(380, 36, 3705, 242, ' Межрайонная ИФНС России № 4 по Ивановской области'),
(381, 36, 3706, 243, ' Межрайонная ИФНС России № 3 по Ивановской области'),
(382, 36, 3711, 238, ' Межрайонная ИФНС России № 6 по Ивановской области'),
(383, 36, 3720, 244, ' Межрайонная ИФНС России № 7 по Ивановской области'),
(384, 37, 3800, 245, ' Управление ФНС России по Иркутской области'),
(385, 37, 3801, 246, ' ИФНС России по г. Ангарску Иркутской области'),
(386, 37, 3802, 247, ' Межрайонная ИФНС России № 3 по Иркутской области'),
(387, 37, 3804, 248, ' ИФНС России по Центральному округу г. Братска Иркутской области'),
(388, 37, 3805, 248, ' Межрайонная ИФНС России № 15 по Иркутской области'),
(389, 37, 3808, 245, ' ИФНС России по Правобережному округу г. Иркутска'),
(390, 37, 3810, 245, ' Межрайонная ИФНС России № 19 по Иркутской области'),
(391, 37, 3812, 245, ' ИФНС России по Свердловскому округу г. Иркутска'),
(392, 37, 3814, 249, ' Межрайонная ИФНС России № 14 по Иркутской области'),
(393, 37, 3816, 250, ' Межрайонная ИФНС России № 6 по Иркутской области'),
(394, 37, 3817, 251, ' Межрайонная ИФНС России № 9 по Иркутской области'),
(395, 37, 3818, 252, ' Межрайонная ИФНС России № 13 по Иркутской области'),
(396, 37, 3827, 245, ' Межрайонная ИФНС России № 12 по Иркутской области'),
(397, 37, 3849, 245, ' Межрайонная ИФНС России № 16 по Иркутской области'),
(398, 37, 3850, 245, ' Межрайонная ИФНС России № 17 по Иркутской области'),
(399, 37, 3851, 253, ' Межрайонная ИФНС России № 18 по Иркутской области'),
(400, 39, 3900, 254, ' УФНС России по Калининградской области'),
(401, 39, 3905, 254, ' Межрайонная ИФНС России № 8 по городу Калининграду'),
(402, 39, 3906, 254, ' Межрайонная ИФНС России № 9 по городу Калининграду'),
(403, 39, 3914, 255, ' Межрайонная ИФНС России № 2 по Калининградской области'),
(404, 39, 3917, 256, ' Межрайонная ИФНС России № 10 по Калининградской области'),
(405, 39, 3925, 254, ' Межрайонная ИФНС России по крупнейшим налогоплательщикам по Калининградской области'),
(406, 39, 3926, 254, ' Межрайонная ИФНС России № 1 по Калининградской области'),
(407, 40, 4000, 257, ' УФНС России по Калужской области'),
(408, 40, 4001, 258, ' Межрайонная ИФНС России № 1 по Калужской области'),
(409, 40, 4004, 259, ' Межрайонная ИФНС России № 2 по Калужской области'),
(410, 40, 4011, 260, ' Межрайонная ИФНС России № 3 по Калужской области'),
(411, 40, 4023, 261, ' Межрайонная ИФНС России № 4 по Калужской области'),
(412, 40, 4024, 262, ' Межрайонная ИФНС России № 5 по Калужской области'),
(413, 40, 4025, 263, ' Межрайонная ИФНС России № 6 по Калужской области'),
(414, 40, 4027, 257, ' ИФНС России по Ленинскому округу г. Калуги'),
(415, 40, 4028, 257, ' ИФНС России по Московскому округу г. Калуги'),
(416, 40, 4029, 257, ' Межрайонная ИФНС России № 7 по Калужской области'),
(417, 41, 4100, 264, ' УФНС России по Камчатскому краю'),
(418, 41, 4101, 264, ' ИФНС России по г.Петропавловску-Камчатскому'),
(419, 41, 4177, 264, ' Межрайонная ИФНС России № 3 по Камчатскому краю'),
(420, 42, 4200, 265, ' УФНС России по Кемеровской области'),
(421, 42, 4202, 266, ' Межрайонная ИФНС России № 3 по Кемеровской области'),
(422, 42, 4205, 265, ' ИФНС России по г. Кемерово'),
(423, 42, 4212, 267, ' Межрайонная ИФНС России № 2 по Кемеровской области'),
(424, 42, 4213, 268, ' Межрайонная ИФНС России № 1 по Кемеровской области'),
(425, 42, 4214, 269, ' Межрайонная ИФНС России № 8 по Кемеровской области'),
(426, 42, 4216, 270, ' Межрайонная ИФНС России по крупнейшим налогоплательщикам № 2 по Кемеровской области'),
(427, 42, 4217, 270, ' ИФНС России по Центральному району г. Новокузнецка Кемеровской области'),
(428, 42, 4222, 271, ' Межрайонная ИФНС России № 5 по Кемеровской области'),
(429, 42, 4223, 272, ' Межрайонная ИФНС России № 11 по Кемеровской области'),
(430, 42, 4230, 273, ' Межрайонная ИФНС России № 7 по Кемеровской области'),
(431, 42, 4246, 274, ' Межрайонная ИФНС России № 9 по Кемеровской области'),
(432, 42, 4249, 265, ' Межрайонная ИФНС России по крупнейшим налогоплательщикам № 1 по Кемеровской области'),
(433, 42, 4250, 275, ' Межрайонная ИФНС России № 12 по Кемеровской области'),
(434, 42, 4252, 270, ' Межрайонная ИФНС России № 13 по Кемеровской области'),
(435, 42, 4253, 270, ' Межрайонная ИФНС России № 4 по Кемеровской области'),
(436, 43, 4300, 261, ' УФНС России по Кировской области'),
(437, 43, 4303, 276, ' Межрайонная ИФНС России №2 по Кировской области'),
(438, 43, 4307, 277, ' Межрайонная ИФНС России №4 по Кировской области'),
(439, 43, 4312, 278, ' Межрайонная ИФНС России №7 по Кировской области'),
(440, 43, 4313, 279, ' Межрайонная ИФНС России №8 по Кировской области'),
(441, 43, 4316, 280, ' Межрайонная ИФНС России №1 по Кировской области'),
(442, 43, 4321, 281, ' Межрайонная ИФНС России №10 по Кировской области'),
(443, 43, 4322, 282, ' Межрайонная ИФНС России №3 по Кировской области'),
(444, 43, 4329, 283, ' Межрайонная ИФНС России №13 по Кировской области'),
(445, 43, 4330, 284, ' Межрайонная ИФНС России №11 по Кировской области'),
(446, 43, 4334, NULL, ' Межрайонная ИФНС России №12 по Кировской области'),
(447, 43, 4339, 285, ' Межрайонная ИФНС России №5 по Кировской области'),
(448, 43, 4345, 261, ' ИФНС России по г.Кирову'),
(449, 44, 4400, 286, ' УФНС России по Костромской области'),
(450, 44, 4401, 286, ' ИФНС России по г. Костроме'),
(451, 44, 4433, 287, ' Межрайонная ИФНС России № 2 по Костромской области'),
(452, 44, 4434, 288, ' Межрайонная ИФНС России № 3 по Костромской области'),
(453, 44, 4436, 289, ' Межрайонная ИФНС России № 6 по Костромской области'),
(454, 44, 4437, 286, ' Межрайонная ИФНС России № 7 по Костромской области'),
(455, 45, 4500, 290, ' УФНС России по Курганской области'),
(456, 45, 4501, 290, ' ИФНС России по г.Кургану'),
(457, 45, 4502, 291, ' Межрайонная ИФНС России №1 по Курганской области'),
(458, 45, 4506, 292, ' Межрайонная ИФНС России №2 по Курганской области'),
(459, 45, 4508, NULL, ' Межрайонная ИФНС России №3 по Курганской области'),
(460, 45, 4510, 293, ' Межрайонная ИФНС России №7 по Курганской области'),
(461, 45, 4512, 294, ' Межрайонная ИФНС России №5 по Курганской области'),
(462, 45, 4524, 295, ' Межрайонная ИФНС России №6 по Курганской области'),
(463, 45, 4526, 296, ' Межрайонная ИФНС России №4 по Курганской области'),
(464, 46, 4600, 297, ' УФНС России по Курской области'),
(465, 46, 4611, 297, ' Межрайонная ИФНС России №5 по Курской области'),
(466, 46, 4613, 298, ' Межрайонная ИФНС России №2 по Курской области'),
(467, 46, 4614, NULL, ' Межрайонная ИФНС России №9 по Курской области'),
(468, 46, 4619, 299, ' Межрайонная ИФНС России №7 по Курской области'),
(469, 46, 4620, 300, ' Межрайонная ИФНС России №1 по Курской области'),
(470, 46, 4623, 301, ' Межрайонная ИФНС России №4 по Курской области'),
(471, 46, 4628, 302, ' Межрайонная ИФНС России №8 по Курской области'),
(472, 46, 4632, 297, ' ИФНС России по г.Курску'),
(473, 46, 4633, 149, ' Межрайонная ИФНС России №3 по Курской области'),
(474, 47, 4700, 303, ' Управление ФНС России по Ленинградской области'),
(475, 47, 4702, 304, ' Межрайонная ИФНС России №5 по Ленинградской области'),
(476, 47, 4703, 305, ' ИФНС России по Всеволожскому району Ленинградской области'),
(477, 47, 4704, 306, ' ИФНС России по Выборгскому району Ленинградской области'),
(478, 47, 4705, 307, ' Межрайонная ИФНС России №7 по Ленинградской области'),
(479, 47, 4706, 308, ' Межрайонная ИФНС России №2 по Ленинградской области'),
(480, 47, 4707, 309, ' Межрайонная ИФНС России №3 по Ленинградской области'),
(481, 47, 4710, 310, ' ИФНС России по Лужскому району Ленинградской области'),
(482, 47, 4711, 311, ' Межрайонная ИФНС России №4 по Ленинградской области'),
(483, 47, 4712, 312, ' ИФНС России по Приозерскому району Ленинградской области'),
(484, 47, 4715, 313, ' Межрайонная ИФНС России №6 по Ленинградской области'),
(485, 47, 4716, 314, ' ИФНС России по Тосненскому району Ленинградской области'),
(486, 47, 4725, 315, ' Межрайонная ИФНС России №8 по Ленинградской области'),
(487, 47, 4726, 316, ' ИФНС России по г. Сосновый Бор Ленинградской области'),
(488, 47, 4727, 317, ' ИФНС России по Киришскому району Ленинградской области'),
(489, 48, 4800, 318, ' Управление ФНС России по Липецкой области'),
(490, 48, 4802, 319, ' Межрайонная ИФНС России № 1 по Липецкой области'),
(491, 48, 4811, 320, ' Межрайонная ИФНС России № 4 по Липецкой области'),
(492, 48, 4813, 318, ' Межрайонная ИФНС России № 5 по Липецкой области'),
(493, 48, 4816, 321, ' Межрайонная ИФНС России № 3 по Липецкой области'),
(494, 48, 4822, 318, ' Межрайонная ИФНС России по крупнейшим налогоплательщикам по Липецкой области'),
(495, 48, 4824, 318, ' ИФНС России по Октябрьскому району г.Липецка'),
(496, 48, 4825, 318, ' ИФНС России по Правобережному району г.Липецка'),
(497, 48, 4827, 318, ' Межрайонная ИФНС России № 6 по Липецкой области'),
(498, 48, 4828, 322, ' Межрайонная ИФНС России № 7 по Липецкой области'),
(499, 49, 4900, 323, ' УФНС России по Магаданской области'),
(500, 49, 4910, 323, ' Межрайонная ИФНС России № 1 по Магаданской области'),
(501, 49, 4911, NULL, ' Межрайонная ИФНС России № 2 по Магаданской области'),
(502, 49, 4912, NULL, ' Межрайонная ИФНС России № 3 по Магаданской области'),
(503, 50, 5000, 324, ' УФНС России по Московской области'),
(504, 50, 5001, 325, ' ИФНС России по г.Балашихе Московской области'),
(505, 50, 5003, 326, ' Межрайонная ИФНС России №14 по Московской области'),
(506, 50, 5004, 327, ' Межрайонная ИФНС России №19 по Московской области'),
(507, 50, 5005, 328, ' ИФНС России по г.Воскресенску Московской области'),
(508, 50, 5007, 329, ' ИФНС России по г.Дмитрову Московской области'),
(509, 50, 5009, 330, ' ИФНС России по г.Домодедово Московской области'),
(510, 50, 5010, 331, ' Межрайонная ИФНС России №12 по Московской области'),
(511, 50, 5011, 332, ' ИФНС России по г.Егорьевску Московской области'),
(512, 50, 5012, 333, ' Межрайонная ИФНС России №20 по Московской области'),
(513, 50, 5017, 334, ' ИФНС России по г.Истре Московской области'),
(514, 50, 5018, 335, ' Межрайонная ИФНС России №2 по Московской области'),
(515, 50, 5019, 336, ' Межрайонная ИФНС России №18 по Московской области'),
(516, 50, 5020, 337, ' ИФНС России по г.Клину Московской области'),
(517, 50, 5022, 338, ' Межрайонная ИФНС России №7 по Московской области'),
(518, 50, 5024, 339, ' ИФНС России по г.Красногорску Московской области'),
(519, 50, 5027, 340, ' Межрайонная ИФНС России №17 по Московской области'),
(520, 50, 5029, 341, ' ИФНС России по г.Мытищи Московской области'),
(521, 50, 5030, 342, ' ИФНС России по г.Наро-Фоминску Московской области'),
(522, 50, 5031, 343, ' ИФНС России по г.Ногинску Московской области'),
(523, 50, 5032, 344, ' Межрайонная ИФНС России №22 по Московской области'),
(524, 50, 5034, 345, ' Межрайонная ИФНС России №10 по Московской области'),
(525, 50, 5035, 346, ' ИФНС России по г.Павловскому Посаду Московской области'),
(526, 50, 5038, 347, ' Межрайонная ИФНС России №3 по Московской области'),
(527, 50, 5040, 348, ' Межрайонная ИФНС России №1 по Московской области'),
(528, 50, 5042, 349, ' ИФНС России по г.Сергиеву Посаду Московской области'),
(529, 50, 5043, 350, ' Межрайонная ИФНС России №11 по Московской области'),
(530, 50, 5044, 351, ' ИФНС России по г.Солнечногорску Московской области'),
(531, 50, 5045, 352, ' ИФНС России по г.Ступино Московской области'),
(532, 50, 5047, 353, ' Межрайонная ИФНС России №13 по Московской области'),
(533, 50, 5048, 354, ' ИФНС России по г.Чехову Московской области'),
(534, 50, 5049, 355, ' Межрайонная ИФНС России №4 по Московской области'),
(535, 50, 5050, 356, ' Межрайонная ИФНС России №16 по Московской области'),
(536, 50, 5053, 357, ' ИФНС России по г.Электростали Московской области'),
(537, 50, 5072, 358, ' Межрайонная ИФНС России №8 по Московской области'),
(538, 50, 5074, 359, ' Межрайонная ИФНС России №5 по Московской области'),
(539, 50, 5075, 360, ' Межрайонная ИФНС России №21 по Московской области'),
(540, 50, 5099, 324, ' Межрайонная ИФНС России по крупнейшим налогоплательщикам по Московской области'),
(541, 51, 5100, 361, ' УФНС России по Мурманской области'),
(542, 51, 5102, 362, ' Межрайонная ИФНС России № 1 по Мурманской области'),
(543, 51, 5105, 363, ' Межрайонная ИФНС России № 7 по Мурманской области'),
(544, 51, 5107, 364, ' ИФНС России по г. Мончегорску Мурманской области'),
(545, 51, 5108, 365, ' Межрайонная ИФНС России № 5 по Мурманской обл.'),
(546, 51, 5110, 366, ' Межрайонная ИФНС России № 2 по Мурманской области'),
(547, 51, 5118, 367, ' Межрайонная ИФНС России № 8 по Мурманской области'),
(548, 51, 5190, 361, ' ИФНС России по г. Мурманску'),
(549, 51, 5199, 361, ' Межрайонная ИФНС России по крупнейшим налогоплательщикам по Мурманской области'),
(550, 52, 5200, 368, ' УФНС России по Нижегородской области'),
(551, 52, 5222, 369, ' Межрайонная ИФНС России № 10 по Нижегородской области'),
(552, 52, 5228, 370, ' Межрайонная ИФНС России № 8 по Нижегородской области'),
(553, 52, 5229, 371, ' Межрайонная ИФНС России № 12 по Нижегородской области'),
(554, 52, 5235, 372, ' Межрайонная ИФНС России № 13 по Нижегородской области'),
(555, 52, 5243, 373, ' Межрайонная ИФНС России № 1 по Нижегородской области'),
(556, 52, 5246, 374, ' ИФНС России по Борскому району Нижегородской области'),
(557, 52, 5247, 375, ' Межрайонная ИФНС России № 4 по Нижегородской области'),
(558, 52, 5248, 376, ' Межрайонная ИФНС России № 5 по Нижегородской области'),
(559, 52, 5249, 377, ' Межрайонная ИФНС России № 2 по Нижегородской области'),
(560, 52, 5250, 378, ' Межрайонная ИФНС России № 6 по Нижегородской области'),
(561, 52, 5252, 379, ' Межрайонная ИФНС России № 7 по Нижегородской области'),
(562, 52, 5253, 368, ' Межрайонная ИФНС России по крупнейшим налогоплательщикам по Нижегородской области'),
(563, 52, 5254, 380, ' Межрайонная ИФНС России № 3 по Нижегородской области'),
(564, 52, 5256, 368, ' ИФНС России по Автозаводскому району г.Н.Новгорода'),
(565, 52, 5257, 368, ' ИФНС России по Канавинскому району г.Н.Новгорода'),
(566, 52, 5258, 368, ' ИФНС России по Ленинскому району г.Н.Новгорода'),
(567, 52, 5259, 368, ' ИФНС России по Московскому району г.Н.Новгорода'),
(568, 52, 5260, 368, ' ИФНС России по Нижегородскому району г.Н.Новгорода'),
(569, 52, 5261, 368, ' ИФНС России по Приокскому району г.Н.Новгорода'),
(570, 52, 5262, 368, ' ИФНС России по Советскому району г.Н.Новгорода'),
(571, 52, 5263, 368, ' ИФНС России по Сормовскому району г.Н.Новгорода'),
(572, 53, 5300, 381, ' УФНС России по Новгородской области'),
(573, 53, 5321, 381, ' Межрайонная ИФНС России №9 по Новгородской области'),
(574, 53, 5331, 382, ' Межрайонная ИФНС России №1 по Новгородской области'),
(575, 53, 5332, 383, ' Межрайонная ИФНС России №2 по Новгородской области'),
(576, 53, 5336, 384, ' Межрайонная ИФНС России №6 по Новгородской области'),
(577, 54, 5400, 385, ' УФНС России по Новосибирской области'),
(578, 54, 5401, 385, ' ИФНС России по Дзержинскому району г. Новосибирска'),
(579, 54, 5402, 385, ' ИФНС России по Заельцовскому району г. Новосибирска'),
(580, 54, 5403, 385, ' ИФНС России по Кировскому району г. Новосибирска'),
(581, 54, 5404, 385, ' ИФНС России по Ленинскому району г. Новосибирска'),
(582, 54, 5405, 385, ' ИФНС России по Октябрьскому району г. Новосибирска'),
(583, 54, 5406, 385, ' ИФНС России по Центральному району г. Новосибирска'),
(584, 54, 5407, 385, ' ИФНС России по Железнодорожному району г. Новосибирска'),
(585, 54, 5410, 385, ' ИФНС России по Калининскому району г. Новосибирска'),
(586, 54, 5456, NULL, ' Межрайонная ИФНС России № 6 по Новосибирской области'),
(587, 54, 5460, 385, ' Межрайонная ИФНС России по крупнейшим налогоплательщикам по Новосибирской области'),
(588, 54, 5473, 385, ' Межрайонная ИФНС России № 13 по г. Новосибирску'),
(589, 54, 5474, 386, ' Межрайонная ИФНС России № 14 по Новосибирской области'),
(590, 54, 5475, 385, ' Межрайонная ИФНС России № 15 по Новосибирской области'),
(591, 54, 5483, 387, ' Межрайонная ИФНС России № 3 по Новосибирской области'),
(592, 54, 5485, 388, ' Межрайонная ИФНС России № 5 по Новосибирской области'),
(593, 55, 5500, 389, ' УФНС России по Омской области'),
(594, 55, 5501, 389, ' ИФНС России по Советскому административному округу г. Омска'),
(595, 55, 5503, 389, ' ИФНС России № 1 по Центральному административному округу г. Омска'),
(596, 55, 5504, 389, ' ИФНС России № 2 по Центральному административному округу г. Омска'),
(597, 55, 5505, 389, ' Межрайонная ИФНС России № 4 по Омской области'),
(598, 55, 5506, 389, ' ИФНС России по Октябрьскому административному округу г. Омска'),
(599, 55, 5507, 389, ' ИФНС России по Кировскому административному округу г. Омска'),
(600, 55, 5509, 390, ' Межрайонная ИФНС России № 6 по Омской области'),
(601, 55, 5514, 391, ' Межрайонная ИФНС России № 3 по Омской области'),
(602, 55, 5515, 392, ' Межрайонная ИФНС России № 1 по Омской области'),
(603, 55, 5535, 393, ' Межрайонная ИФНС России № 2 по Омской области'),
(604, 55, 5542, 389, ' Межрайонная ИФНС России по крупнейшим налогоплательщикам по Омской области'),
(605, 56, 5600, 394, ' Управление ФНС России по Оренбургской области'),
(606, 56, 5601, 395, ' Межрайонная ИФНС России №2 по Оренбургской области'),
(607, 56, 5602, 396, ' Межрайонная ИФНС России №1 по Оренбургской области'),
(608, 56, 5603, 397, ' Межрайонная ИФНС России №3 по Оренбургской области'),
(609, 56, 5607, 398, ' Межрайонная ИФНС №8 России по Оренбургской области'),
(610, 56, 5609, 394, ' ИФНС России по Дзержинскому району г.Оренбурга'),
(611, 56, 5610, 394, ' ИФНС России по Ленинскому району г.Оренбурга'),
(612, 56, 5611, 394, ' ИФНС России по Промышленному району г.Оренбурга'),
(613, 56, 5612, 394, ' ИФНС России по Центральному району г.Оренбурга'),
(614, 56, 5613, 394, ' Межрайонная ИФНС России по крупнейшим налогоплательщикам по Оренбургской области'),
(615, 56, 5614, 399, ' ИФНС России по г.Орску Оренбургской области'),
(616, 56, 5617, 400, ' Межрайонная ИФНС России №4 по Оренбургской области'),
(617, 56, 5635, 399, ' Межрайонная ИФНС России №9 по Оренбургской обл.'),
(618, 56, 5636, 401, ' Межрайонная ИФНС России №6 по Оренбургской обл.'),
(619, 56, 5638, 394, ' Межрайонная ИФНС Росси №7 по Оренбургской области'),
(620, 56, 5646, 402, ' Межрайонная ИФНС России №5 по Оренбургской области'),
(621, 56, 5658, 394, ' Межрайонная ИФНС России №10 по Оренбургской области'),
(622, 57, 5700, 403, ' УФНС России по Орловской области'),
(623, 57, 5740, 403, ' ИФНС России по г.Орлу'),
(624, 57, 5743, 404, ' Межрайонная ИФНС России №3 по Орловской области'),
(625, 57, 5744, 405, ' Межрайонная ИФНС России № 4 по Орловской области'),
(626, 57, 5745, 406, ' Межрайонная ИФНС России №5 по Орловской области'),
(627, 57, 5746, 407, ' Межрайонная ИФНС России №6 по Орловской области'),
(628, 57, 5748, 403, ' Межрайонная ИФНС России №8 по Орловской области'),
(629, 58, 5800, 408, ' УФНС России по Пензенской области'),
(630, 58, 5802, 409, ' Межрайонная ИФНС России №2 по Пензенской области'),
(631, 58, 5803, 410, ' Межрайонная ИФНС России №1 по Пензенской области'),
(632, 58, 5805, 411, ' Межрайонная ИФНС России №4 по Пензенской области'),
(633, 58, 5809, 412, ' Межрайонная ИФНС России №3 по Пензенской области'),
(634, 58, 5826, 413, ' Межрайонная ИФНС России №5 по Пензенской области'),
(635, 58, 5827, 414, ' Межрайонная ИФНС России № 6 по Пензенской области'),
(636, 58, 5834, 408, ' ИФНС России по Железнодорожному району г.Пензы'),
(637, 58, 5835, 408, ' ИФНС России по Октябрьскому району г.Пензы'),
(638, 58, 5836, 408, ' ИФНС России по Ленинскому району г.Пензы'),
(639, 58, 5837, 408, ' ИФНС России по Первомайскому району г.Пензы'),
(640, 58, 5838, 415, ' ИФНС России по г.Заречному Пензенской области'),
(641, 59, 5900, 416, ' УФНС России по Пермскому краю'),
(642, 59, 5901, 416, ' Межрайонная ИФНС России по крупнейшим налогоплательщикам по Пермскому краю'),
(643, 59, 5902, 416, ' ИФНС России по Ленинскому району г. Перми'),
(644, 59, 5903, 416, ' ИФНС России по Дзержинскому району г. Перми'),
(645, 59, 5904, 416, ' ИФНС России по Свердловскому району г. Перми'),
(646, 59, 5905, 416, ' ИФНС России по Индустриальному району г. Перми'),
(647, 59, 5906, 416, ' ИФНС России по Мотовилихинскому району г. Перми'),
(648, 59, 5907, 416, ' Межрайонная ИФНС России № 9 по Пермскому краю'),
(649, 59, 5908, 416, ' ИФНС России по Кировскому району г. Перми'),
(650, 59, 5911, 417, ' Межрайонная ИФНС России № 2 по Пермскому краю'),
(651, 59, 5914, 418, ' ИФНС России по г. Добрянке Пермского края'),
(652, 59, 5916, 419, ' Межрайонная ИФНС России № 16 по Пермскому краю'),
(653, 59, 5917, 420, ' Межрайонная ИФНС России № 5 по Пермскому краю'),
(654, 59, 5918, 421, ' Межрайонная ИФНС России № 6 по Пермскому краю'),
(655, 59, 5919, 422, ' Межрайонная ИФНС России № 11 по Пермскому краю'),
(656, 59, 5920, 423, ' ИФНС России по г. Чайковскому Пермского края'),
(657, 59, 5921, 424, ' Межрайонная ИФНС России № 14 по Пермскому краю'),
(658, 59, 5933, 425, ' Межрайонная ИФНС России № 3 по Пермскому краю'),
(659, 59, 5944, 426, ' Межрайонная ИФНС России № 8 по Пермскому краю'),
(660, 59, 5947, 427, ' Межрайонная ИФНС России № 10 по Пермскому краю'),
(661, 59, 5948, 416, ' ИФНС России по Пермскому району Пермского края'),
(662, 59, 5951, 428, ' Межрайонная ИФНС России № 12 по Пермскому краю'),
(663, 59, 5957, 429, ' Межрайонная ИФНС России № 13 по Пермскому краю'),
(664, 59, 5981, 430, ' Межрайонная ИФНС России № 1 по Пермскому краю'),
(665, 60, 6000, 431, ' УФНС России по Псковской области'),
(666, 60, 6009, 432, ' Межрайонная ИФНС России № 6 по Псковской области'),
(667, 60, 6025, 433, ' Межрайонная ИФНС России № 2 по Псковской области'),
(668, 60, 6027, 431, ' Межрайонная ИФНС России № 1 по Псковской области'),
(669, 60, 6030, 434, ' Межрайонная ИФНС России № 3 по Псковской области'),
(670, 60, 6031, 435, ' Межрайонная ИФНС России № 4 по Псковской области'),
(671, 60, 6032, 436, ' Межрайонная ИФНС России № 5 по Псковской области'),
(672, 61, 6100, 437, ' УФНС России по Ростовской области'),
(673, 61, 6152, 437, ' МРИ по крупнейшим налогоплательщикам по Ростовской обл.'),
(674, 61, 6154, 438, ' ИФНС России по г.Таганрогу'),
(675, 61, 6164, 437, ' ИФНС России по Ленинскому р-ну г.Ростова-на-Дону'),
(676, 61, 6165, 437, ' ИФНС России по Октябрьскому р-ну г.Ростова-на-Дону'),
(677, 61, 6171, 439, ' Межрайонная ИФНС России № 1 по Ростовской области'),
(678, 61, 6173, 440, ' Межрайонная ИФНС России № 3 по Ростовской области'),
(679, 61, 6174, 441, ' Межрайонная ИФНС России № 4 по Ростовской области'),
(680, 61, 6179, 442, ' Межрайонная ИФНС России № 9 по Ростовской области'),
(681, 61, 6181, 443, ' Межрайонная ИФНС России № 11 по Ростовской области'),
(682, 61, 6182, 444, ' Межрайонная ИФНС России № 12 по Ростовской области'),
(683, 61, 6183, 445, ' Межрайонная ИФНС России № 13 по Ростовской области'),
(684, 61, 6186, 446, ' Межрайонная ИФНС России № 16 по Ростовской области'),
(685, 61, 6188, 447, ' Межрайонная ИФНС России № 18 по Ростовской области');
INSERT INTO `fns_codes` (`fns_code_id`, `region_id`, `fns_code_value`, `city_id`, `fns_name`) VALUES
(686, 61, 6191, 448, ' Межрайонная ИФНС России № 21 по Ростовской области'),
(687, 61, 6192, 449, ' Межрайонная ИФНС России № 22 по Ростовской области'),
(688, 61, 6193, 437, ' Межрайонная ИФНС России № 23 по Ростовской области'),
(689, 61, 6194, 437, ' Межрайонная ИФНС России № 24 по Ростовской области'),
(690, 61, 6195, 437, ' Межрайонная ИФНС России № 25 по Ростовской области'),
(691, 62, 6200, 450, ' УФНС России по Рязанской области'),
(692, 62, 6214, 451, ' Межрайонная ИФНС России №7 по Рязанской области'),
(693, 62, 6215, 450, ' Межрайонная ИФНС России №6 по Рязанской области'),
(694, 62, 6219, 452, ' Межрайонная ИФНС России №5 по Рязанской области'),
(695, 62, 6225, 453, ' Межрайонная ИФНС России №10 по Рязанской области'),
(696, 62, 6226, 454, ' Межрайонная ИФНС России №9 по Рязанской области'),
(697, 62, 6229, 450, ' Межрайонная ИФНС России №1 по Рязанской области'),
(698, 62, 6230, 450, ' Межрайонная ИФНС России №3 по Рязанской области'),
(699, 62, 6232, 455, ' Межрайонная ИФНС России №4 по Рязанской области'),
(700, 62, 6234, 450, ' Межрайонная ИФНС России №2 по Рязанской области'),
(701, 63, 6300, 456, ' УФНС России по Самарской области'),
(702, 63, 6310, 456, ' Межрайонная ИФНС России по крупнейшим налогоплательщикам по Самарской области'),
(703, 63, 6311, 456, ' ИФНС России по Железнодорожному району г. Самары'),
(704, 63, 6312, 456, ' ИФНС России по Кировскому району г. Самары'),
(705, 63, 6313, 456, ' ИФНС России по Красноглинскому району г. Самары'),
(706, 63, 6315, 456, ' ИФНС России по Ленинскому району г. Самары'),
(707, 63, 6316, 456, ' ИФНС России по Октябрьскому району г. Самары'),
(708, 63, 6317, 456, ' Межрайонная ИФНС России № 18 по Самарской области'),
(709, 63, 6318, 456, ' ИФНС России по Советскому району г. Самары'),
(710, 63, 6319, 456, ' ИФНС России по Промышленному району г. Самары'),
(711, 63, 6320, 457, ' Межрайонная ИФНС России № 2 по Самарской области'),
(712, 63, 6324, 457, ' Межрайонная ИФНС России № 19 по Самарской области'),
(713, 63, 6325, 458, ' Межрайонная ИФНС России № 3 по Самарской области'),
(714, 63, 6330, 459, ' Межрайонная ИФНС России № 16 по Самарской области'),
(715, 63, 6350, 460, ' Межрайонная ИФНС России № 4 по Самарской области'),
(716, 63, 6372, 461, ' Межрайонная ИФНС России № 14 по Самарской области'),
(717, 63, 6375, 462, ' Межрайонная ИФНС России № 11 по Самарской области'),
(718, 63, 6376, 463, ' Межрайонная ИФНС России № 7 по Самарской области'),
(719, 63, 6377, 464, ' Межрайонная ИФНС России № 8 по Самарской области'),
(720, 63, 6381, 465, ' Межрайонная ИФНС России № 17 по Самарской области'),
(721, 63, 6382, 457, ' Межрайонная ИФНС России № 15 по Самарской области'),
(722, 64, 6400, 466, ' УФНС России по Саратовской области'),
(723, 64, 6413, 467, ' Межрайонная ИФНС России №9 по Саратовской области'),
(724, 64, 6432, 466, ' Межрайонная ИФНС России №12 по Саратовской области'),
(725, 64, 6438, 468, ' Межрайонная ИФНС России №13 по Саратовской области'),
(726, 64, 6439, 469, ' Межрайонная ИФНС России №2 по Саратовской области'),
(727, 64, 6440, 470, ' Межрайонная ИФНС России №1 по Саратовской области'),
(728, 64, 6441, 471, ' Межрайонная ИФНС России №3 по Саратовской области'),
(729, 64, 6444, 472, ' Межрайонная ИФНС России №10 по Саратовской области'),
(730, 64, 6445, 473, ' Межрайонная ИФНС России №6 по Саратовской области'),
(731, 64, 6446, 474, ' Межрайонная ИФНС России №5 по Саратовской области'),
(732, 64, 6447, 466, ' Межрайонная ИФНС России по крупнейшим налогоплательщикам по Саратовской области'),
(733, 64, 6449, 475, ' Межрайонная ИФНС России №7 по Саратовской области'),
(734, 64, 6450, 466, ' Межрайонная ИФНС России №8 по Саратовской области'),
(735, 64, 6451, 466, ' ИФНС России по Заводскому району г.Саратова'),
(736, 64, 6453, 466, ' ИФНС России по Ленинскому району г.Саратова'),
(737, 64, 6454, 466, ' ИФНС России по Октябрьскому району г.Саратова'),
(738, 64, 6455, 466, ' ИФНС России по Фрунзенскому району г.Саратова'),
(739, 65, 6500, 476, ' УФНС России по Сахалинской области'),
(740, 65, 6501, 476, ' Межрайонная ИФНС России № 1 по Сахалинской области'),
(741, 65, 6504, 477, ' Межрайонная ИФНС России № 5 по Сахалинской области'),
(742, 65, 6507, 478, ' Межрайонная ИФНС России № 3 по Сахалинской области'),
(743, 65, 6509, 479, ' Межрайонная ИФНС России № 2 по Сахалинской области'),
(744, 65, 6517, 480, ' Межрайонная ИФНС России № 4 по Сахалинской области'),
(745, 66, 6600, 481, ' Управление ФНС России по Свердловской области'),
(746, 66, 6608, 481, ' Межрайонная ИФНС России по крупнейшим налогоплательщикам по Свердловской области'),
(747, 66, 6612, 482, ' Межрайонная ИФНС России №22 по Свердловской области'),
(748, 66, 6617, 483, ' Межрайонная ИФНС России №14 по Свердловской области'),
(749, 66, 6619, 484, ' Межрайонная ИФНС России №2 по Свердловской области'),
(750, 66, 6623, 485, ' Межрайонная ИФНС России №16 по Свердловской области'),
(751, 66, 6633, 486, ' Межрайонная ИФНС России №19 по Свердловской области'),
(752, 66, 6658, 481, ' ИФНС России по Верх-Исетскому району г.Екатеринбурга'),
(753, 66, 6670, 481, ' ИФНС России по Кировскому району г.Екатеринбурга'),
(754, 66, 6671, 481, ' ИФНС России по Ленинскому району г.Екатеринбурга'),
(755, 66, 6676, 487, ' Межрайонная ИФНС России №13 по Свердловской области'),
(756, 66, 6677, 488, ' Межрайонная ИФНС России №23 по Свердловской области'),
(757, 66, 6678, 481, ' Межрайонная ИФНС России №24 по Свердловской области'),
(758, 66, 6679, 481, ' Межрайонная ИФНС России №25 по Свердловской области'),
(759, 66, 6680, 489, ' Межрайонная ИФНС России №26 по Свердловской области'),
(760, 66, 6681, 490, ' Межрайонная ИФНС России №27 по Свердловской области'),
(761, 66, 6682, 491, ' Межрайонная ИФНС России №28 по Свердловской области'),
(762, 66, 6683, 492, ' Межрайонная ИФНС России №29 по Свердловской области'),
(763, 66, 6684, 493, ' Межрайонная ИФНС России №30 по Свердловской области'),
(764, 66, 6685, 481, ' Межрайонная ИФНС России №31 по Свердловской области'),
(765, 66, 6686, 481, ' Межрайонная ИФНС России №32 по Свердловской области'),
(766, 67, 6700, 494, ' УФНС России по Смоленской области'),
(767, 67, 6712, 495, ' Межрайонная ИФНС России №8 по Смоленской области'),
(768, 67, 6713, 496, ' Межрайонная ИФНС России №7 по Смоленской области'),
(769, 67, 6714, 494, ' Межрайонная ИФНС России №6 по Смоленской области'),
(770, 67, 6722, 497, ' Межрайонная ИФНС России №2 по Смоленской области'),
(771, 67, 6725, 498, ' Межрайонная ИФНС России №1 по Смоленской области'),
(772, 67, 6726, 499, ' Межрайонная ИФНС России №4 по Смоленской области'),
(773, 67, 6727, 500, ' Межрайонная ИФНС России №3 по Смоленской области'),
(774, 67, 6732, 494, ' ИФНС России по г.Смоленску'),
(775, 68, 6800, 501, ' УФНС России по Тамбовской области'),
(776, 68, 6809, 502, ' Межрайонная ИФНС России №7 по Тамбовской области'),
(777, 68, 6820, 501, ' Межрайонная ИФНС России №4 по Тамбовской области'),
(778, 68, 6827, 503, ' Межрайонная ИФНС России №9 по Тамбовской области'),
(779, 68, 6828, 504, ' Межрайонная ИФНС России №3 по Тамбовской области'),
(780, 68, 6829, 501, ' ИФНС России по г.Тамбову'),
(781, 69, 6900, 505, ' Управление ФНС России по Тверской области'),
(782, 69, 6906, 506, ' Межрайонная ИФНС России № 2 по Тверской области'),
(783, 69, 6908, 507, ' Межрайонная ИФНС России № 3 по Тверской области'),
(784, 69, 6910, 508, ' Межрайонная ИФНС России № 4 по Тверской области'),
(785, 69, 6912, 509, ' Межрайонная ИФНС России № 5 по Тверской области'),
(786, 69, 6913, 510, ' Межрайонная ИФНС России № 6 по Тверской области'),
(787, 69, 6914, 511, ' Межрайонная ИФНС России № 7 по Тверской области'),
(788, 69, 6915, 512, ' Межрайонная ИФНС России № 8 по Тверской области'),
(789, 69, 6949, 505, ' Межрайонная ИФНС России № 9 по Тверской области'),
(790, 69, 6950, 505, ' Межрайонная ИФНС России № 10 по Тверской области'),
(791, 69, 6952, 505, ' Межрайонная ИФНС России № 12 по Тверской области'),
(792, 70, 7000, 513, ' УФНС России по Томской области'),
(793, 70, 7014, 513, ' ИФНС России по Томскому району Томской области'),
(794, 70, 7017, 513, ' ИФНС России по г.Томску'),
(795, 70, 7022, 514, ' Межрайонная ИФНС России № 5 по Томской обл.'),
(796, 70, 7024, 515, ' ИФНС России по ЗАТО Северск Томской области'),
(797, 70, 7025, 516, ' Межрайонная ИФНС России № 1 по Томской обл.'),
(798, 70, 7026, 517, ' Межрайонная ИФНС России № 2 по Томской обл.'),
(799, 70, 7028, 518, ' Межрайонная ИФНС России № 4 по Томской обл.'),
(800, 70, 7030, NULL, ' Межрайонная ИФНС России № 6 по Томской области'),
(801, 71, 7100, 519, ' УФНС России по Тульской области'),
(802, 71, 7101, 519, ' Межрайонная ИФНС России по крупнейшим налогоплательщикам Тульской области'),
(803, 71, 7104, 519, ' Межрайонная ИФНС России № 12 по Тульской области'),
(804, 71, 7107, 519, ' ИФНС России по Центральному району г.Тулы'),
(805, 71, 7148, 520, ' Межрайонная ИФНС России № 8 по Тульской области'),
(806, 71, 7150, 521, ' Межрайонная ИФНС России № 1 по Тульской области'),
(807, 71, 7151, 522, ' Межрайонная ИФНС России № 5 по Тульской области'),
(808, 71, 7153, 523, ' Межрайонная ИФНС России № 9 по Тульской области'),
(809, 71, 7154, 519, ' Межрайонная ИФНС России № 10 по Тульской области'),
(810, 71, 7155, 519, ' Межрайонная ИФНС России № 11 по Тульской области'),
(811, 72, 7200, 524, ' УФНС России по Тюменской области'),
(812, 72, 7202, 524, ' ИФНС России по г. Тюмени № 2'),
(813, 72, 7203, 524, ' ИФНС России по г. Тюмени № 3'),
(814, 72, 7204, 524, ' ИФНС России по г. Тюмени № 4'),
(815, 72, 7205, 525, ' Межрайонная ИФНС России № 12 по Тюменской области'),
(816, 72, 7206, 526, ' Межрайонная ИФНС России № 7 по Тюменской области'),
(817, 72, 7207, 527, ' Межрайонная ИФНС России № 8 по Тюменской области'),
(818, 72, 7220, 528, ' Межрайонная ИФНС России № 10 по Тюменской области'),
(819, 72, 7224, 524, ' Межрайонная ИФНС России № 6 по Тюменской области'),
(820, 72, 7230, 524, ' ИФНС России по г.Тюмени № 1'),
(821, 72, 7232, 524, ' Межрайонная ИФНС России № 14 по Тюменской области'),
(822, 73, 7300, 529, ' УФНС России по Ульяновской области'),
(823, 73, 7303, 529, ' Межрайонная ИФНС России по крупнейшим налогоплательщикам по Ульяновской области'),
(824, 73, 7309, NULL, ' Межрайонная ИФНС России №4 по Ульяновской области'),
(825, 73, 7313, NULL, ' Межрайонная ИФНС России №5 по Ульяновской области'),
(826, 73, 7321, 530, ' Межрайонная ИФНС России №2 по Ульяновской области'),
(827, 73, 7325, 529, ' ИФНС России по Ленинскому району г.Ульяновска'),
(828, 73, 7326, 529, ' ИФНС России по Железнодорожному району г.Ульяновска'),
(829, 73, 7327, 529, ' ИФНС России по Засвияжскому району г.Ульяновска'),
(830, 73, 7328, 529, ' ИФНС России по Заволжскому району г.Ульяновска'),
(831, 73, 7329, 531, ' Межрайонная ИФНС России № 7 по Ульяновской области'),
(832, 74, 7400, 532, ' УФНС России по Челябинской области'),
(833, 74, 7404, 533, ' Межрайонная ИФНС России № 21 по Челябинской области'),
(834, 74, 7413, 534, ' Межрайонная ИФНС России № 3 по Челябинской области'),
(835, 74, 7415, 535, ' Межрайонная ИФНС России № 23 по Челябинской области'),
(836, 74, 7424, 536, ' Межрайонная ИФНС России № 15 по Челябинской области'),
(837, 74, 7430, 537, ' Межрайонная ИФНС России № 10 по Челябинской области'),
(838, 74, 7447, 532, ' ИФНС России по Калининскому району г. Челябинска'),
(839, 74, 7448, 532, ' ИФНС России по Курчатовскому району г. Челябинска'),
(840, 74, 7449, 532, ' ИФНС России по Ленинскому району г Челябинска'),
(841, 74, 7451, 532, ' ИФНС России по Советскому району г. Челябинска'),
(842, 74, 7452, 532, ' ИФНС России по Тракторозаводскому району г. Челябинска'),
(843, 74, 7453, 532, ' ИФНС России по Центральному району г. Челябинска'),
(844, 74, 7454, 532, ' МРИ ФНС России по крупнейшим налогоплательщикам по Челябинской области'),
(845, 74, 7455, 538, ' Межрайонная ИФНС Росcии № 16 по Челябинской области'),
(846, 74, 7456, 538, ' Межрайонная ИФНС России № 17 по Челябинской области'),
(847, 74, 7457, 539, ' Межрайонная ИФНС России № 18 по Челябинской области'),
(848, 74, 7458, 540, ' Межрайонная ИФНС России № 19 по Челябинской области'),
(849, 74, 7459, 541, ' Межрайонная ИФНС России № 20 по Челябинской области'),
(850, 74, 7460, 532, ' Межрайонная ИФНС России № 22 по Челябинской области'),
(851, 75, 7500, 542, ' УФНС России по Забайкальскому краю'),
(852, 75, 7505, 543, ' Межрайонная ИФНС России № 5 по Забайкальскому краю'),
(853, 75, 7513, 544, ' Межрайонная ИФНС России № 6 по Забайкальскому краю'),
(854, 75, 7524, 542, ' Межрайонная ИФНС России № 3 по Забайкальскому краю'),
(855, 75, 7527, 545, ' Межрайонная ИФНС России № 7 по Забайкальскому краю'),
(856, 75, 7530, 546, ' Межрайонная ИФНС России № 4 по Забайкальскому краю'),
(857, 75, 7536, 542, ' Межрайонная ИФНС России № 2 по г.Чите'),
(858, 75, 7538, 547, ' Межрайонная ИФНС России № 8 по Забайкальскому краю'),
(859, 75, 7580, 548, ' Межрайонная ИФНС России № 1 по Забайкальскому краю'),
(860, 76, 7600, 549, ' Управление ФНС России по Ярославской области'),
(861, 76, 7602, 549, ' ИФНС России по Дзержинскому району г.Ярославля'),
(862, 76, 7603, 549, ' ИФНС России по Заволжскому району г.Ярославля'),
(863, 76, 7604, 549, ' Межрайонная ИФНС России №5 по Ярославской области'),
(864, 76, 7606, 549, ' ИФНС России по Ленинскому району г.Ярославля'),
(865, 76, 7608, 550, ' Межрайонная ИФНС России №1 по Ярославской области'),
(866, 76, 7609, 551, ' Межрайонная ИФНС России №2 по Ярославской области'),
(867, 76, 7610, 552, ' Межрайонная ИФНС России №3 по Ярославской области'),
(868, 76, 7611, 553, ' Межрайонная ИФНС России №4 по Ярославской области'),
(869, 76, 7612, 554, ' Межрайонная ИФНС России №8 по Ярославской области'),
(870, 76, 7627, 549, ' Межрайонная ИФНС России №7 по Ярославской области'),
(871, 77, 7700, 324, ' УФНС России по г.Москве'),
(872, 77, 7701, 324, ' ИФНС России № 1 по г.Москве'),
(873, 77, 7702, 324, ' ИФНС России № 2 по г.Москве'),
(874, 77, 7703, 324, ' ИФНС России № 3 по г.Москве'),
(875, 77, 7704, 324, ' ИФНС России № 4 по г.Москве'),
(876, 77, 7705, 324, ' ИФНС России № 5 по г. Москве'),
(877, 77, 7706, 324, ' ИФНС России № 6 по г. Москве'),
(878, 77, 7707, 324, ' ИФНС России № 7 по г. Москве'),
(879, 77, 7708, 324, ' ИФНС России № 8 по г. Москве'),
(880, 77, 7709, 324, ' ИФНС России № 9 по г.Москве'),
(881, 77, 7710, 324, ' ИФНС России № 10 по г. Москве'),
(882, 77, 7713, 324, ' ИФНС России № 13 по г.Москве'),
(883, 77, 7714, 324, ' ИФНС России № 14 по г.Москве'),
(884, 77, 7715, 324, ' ИФНС России № 15 по г. Москве'),
(885, 77, 7716, 324, ' ИФНС России № 16 по г. Москве'),
(886, 77, 7717, 324, ' ИФНС России № 17 по г.Москве'),
(887, 77, 7718, 324, ' ИФНС России № 18 по г.Москве'),
(888, 77, 7719, 324, ' ИФНС России № 19 по г.Москве'),
(889, 77, 7720, 324, ' ИФНС России № 20 по г.Москве'),
(890, 77, 7721, 324, ' ИФНС России № 21 по г.Москве'),
(891, 77, 7722, 324, ' ИФНС России № 22 по г.Москве'),
(892, 77, 7723, 324, ' ИФНС России № 23 по г.Москве'),
(893, 77, 7724, 324, ' ИФНС России № 24 по г.Москве'),
(894, 77, 7725, 324, ' ИФНС России № 25 по г.Москве'),
(895, 77, 7726, 324, ' ИФНС России № 26 по г.Москве'),
(896, 77, 7727, 324, ' ИФНС России № 27 по г.Москве'),
(897, 77, 7728, 324, ' ИФНС России № 28 по г.Москве'),
(898, 77, 7729, 324, ' ИФНС России № 29 по г. Москве'),
(899, 77, 7730, 324, ' ИФНС России № 30 по г. Москве'),
(900, 77, 7731, 324, ' ИФНС России № 31 по г.Москве'),
(901, 77, 7733, 324, ' ИФНС России № 33 по г.Москве'),
(902, 77, 7734, 324, ' ИФНС России № 34 по г.Москве'),
(903, 77, 7735, 555, ' ИФНС России № 35 по г.Москве'),
(904, 77, 7736, 324, ' ИФНС России № 36 по г.Москве'),
(905, 77, 7743, 324, ' ИФНС России № 43 по г. Москве'),
(906, 77, 7745, 324, ' Межрайонная ИФНС России № 45 по г.Москве'),
(907, 77, 7746, 324, ' Межрайонная ИФНС России № 46 по г. Москве'),
(908, 77, 7747, 324, ' Межрайонная ИФНС России № 47 по г.Москве'),
(909, 77, 7748, 324, ' Межрайонная ИФНС России № 48 по г.Москве'),
(910, 77, 7749, 324, ' Межрайонная ИФНС России № 49 по г. Москве'),
(911, 77, 7750, 324, ' Межрайонная ИФНС России № 50 по г.Москве'),
(912, 77, 7751, 324, ' Межрайонная ИФНС России № 51 по г. Москве'),
(913, 78, 7800, 303, ' Управление ФНС России по Санкт-Петербургу'),
(914, 78, 7801, 303, ' Межрайонная ИФНС России №16 по Санкт-Петербургу'),
(915, 78, 7802, 303, ' Межрайонная ИФНС России №17 по Санкт-Петербургу'),
(916, 78, 7804, 303, ' Межрайонная ИФНС России №18 по Санкт-Петербургу'),
(917, 78, 7805, 303, ' Межрайонная ИФНС России №19 по Санкт-Петербургу'),
(918, 78, 7806, 303, ' Межрайонная ИФНС России №21 по Санкт-Петербургу'),
(919, 78, 7807, 303, ' Межрайонная ИФНС России №22 по Санкт-Петербургу'),
(920, 78, 7810, 303, ' Межрайонная ИФНС России №23 по Санкт-Петербургу'),
(921, 78, 7811, 303, ' Межрайонная ИФНС России №24 по Санкт-Петербургу'),
(922, 78, 7813, 303, ' Межрайонная ИФНС России №25 по Санкт-Петербургу'),
(923, 78, 7814, 303, ' Межрайонная ИФНС России №26 по Санкт-Петербургу'),
(924, 78, 7816, 303, ' Межрайонная ИФНС России №27 по Санкт-Петербургу'),
(925, 78, 7817, 556, ' Межрайонная ИФНС России №20 по Санкт-Петербургу'),
(926, 78, 7819, 557, ' Межрайонная ИФНС России №3 по Санкт-Петербургу'),
(927, 78, 7820, 558, ' Межрайонная ИФНС России №2 по Санкт-Петербургу'),
(928, 78, 7834, 303, ' Межрайонная ИФНС России по крупнейшим налогоплательщикам №1 по Санкт-Петербургу'),
(929, 78, 7835, 303, ' Межрайонная ИФНС России №4 по Санкт-Петербургу'),
(930, 78, 7837, 303, ' Межрайонная ИФНС России №6 по Санкт-Петербургу'),
(931, 78, 7838, 303, ' Межрайонная ИФНС России №7 по Санкт-Петербургу'),
(932, 78, 7839, 303, ' Межрайонная ИФНС России №8 по Санкт-Петербургу'),
(933, 78, 7840, 303, ' Межрайонная ИФНС России №9 по Санкт-Петербургу'),
(934, 78, 7841, 303, ' Межрайонная ИФНС России №10 по Санкт-Петербургу'),
(935, 78, 7842, 303, ' Межрайонная ИФНС России №11 по Санкт-Петербургу'),
(936, 78, 7843, 559, ' Межрайонная ИФНС России №12 по Санкт-Петербургу'),
(937, 78, 7847, 303, ' Межрайонная ИФНС России №15 по Санкт-Петербургу'),
(938, 78, 7848, 303, ' Межрайонная ИФНС России №28 по Санкт-Петербургу'),
(939, 78, 7850, 303, ' Межрайонная ИФНС России по крупнейшим налогоплательщикам №2 по Санкт-Петербургу'),
(940, 79, 7900, 560, ' УФНС России по Еврейской автономной области'),
(941, 79, 7901, 560, ' ИФНС России по г.Биробиджану Еврейской автономной области'),
(942, 79, 7907, NULL, ' Межрайонная ИФНС России №1 по Еврейской автономной области'),
(943, 82, 8600, 561, ' УФНС России по Ханты-Мансийскому автономному округу - Югре'),
(944, 82, 8601, 561, ' Межрайонная ИФНС России № 1 по Ханты-Мансийскому автономному округу - Югре'),
(945, 82, 8602, 562, ' ИФНС России по г. Сургуту Ханты-Мансийского автономного округа - Югры'),
(946, 82, 8603, 563, ' Межрайонная ИФНС России № 6 по Ханты-Мансийскому автономному округу - Югре'),
(947, 82, 8606, 564, ' Межрайонная ИФНС России № 2 по Ханты-Мансийскому автономному округу - Югре'),
(948, 82, 8607, 565, ' Межрайонная ИФНС России № 5 по Ханты-Мансийскому автономному округу - Югре'),
(949, 82, 8608, 566, ' ИФНС России по г. Когалыму Ханты-Мансийского автономного округа - Югры'),
(950, 82, 8610, 567, ' Межрайонная ИФНС России № 3 по Ханты-Мансийскому автономному округу - Югре'),
(951, 82, 8617, 562, ' ИФНС России по Сургутскому району Ханты-Мансийского автономного округа - Югры'),
(952, 82, 8619, 568, ' Межрайонная ИФНС России № 7 по Ханты-Мансийскому автономному округу - Югре'),
(953, 82, 8622, 569, ' Межрайонная ИФНС России № 4 по Ханты-Мансийскому автономному округу - Югре'),
(954, 82, 8624, 570, ' Межрайонная ИФНС России по крупнейшим налогоплательщикам по Ханты-Мансийскому автономному округу - Югре'),
(955, 83, 8700, 571, ' УФНС России по Чукотскому АО'),
(956, 83, 8706, NULL, ' Межрайонная ИФНС России № 2 по Чукотскому АО'),
(957, 83, 8709, 571, ' Межрайонная ИФНС России № 1 по Чукотскому АО'),
(958, 84, 8900, 572, ' УФНС России по Ямало-Ненецкому автономному округу'),
(959, 84, 8901, 572, ' Межрайонная ИФНС России № 1 по Ямало-Ненецкому автономному округу'),
(960, 84, 8903, NULL, ' Межрайонная ИФНС России № 4 по Ямало-Ненецкому автономному округу'),
(961, 84, 8904, 573, ' Межрайонная ИФНС России № 2 по Ямало-Ненецкому автономному округу'),
(962, 84, 8905, 574, ' Межрайонная ИФНС России №5 по Ямало-Ненецкому автономному округу'),
(963, 84, 8911, 575, ' Межрайонная ИФНС России № 3 по Ямало-Ненецкому автономному округу'),
(964, 84, 8914, 572, ' Межрайонная ИФНС России по крупнейшим налогоплательщикам по Ямало-Ненецкому автономному округу'),
(965, 77, 9900, NULL, ' Другие налоговые органы, подчиненные ФНС России'),
(966, 77, 9901, 576, ' ИФНС России по городу и космодрому Байконуру'),
(967, 77, 9951, 324, ' Межрегиональная инспекция ФНС России по Центральному федеральному округу'),
(968, 77, 9952, 303, ' Межрегиональная инспекция ФНС России по Северо-Западному федеральному округу'),
(969, 77, 9953, 437, ' Межрегиональная инспекция ФНС России по Южному федеральному округу'),
(970, 77, 9954, 368, ' Межрегиональная инспекция ФНС России по Приволжскому федеральному округу'),
(971, 77, 9955, 481, ' Межрегиональная инспекция ФНС России по Уральскому федеральному округу'),
(972, 77, 9956, 385, ' Межрегиональная инспекция ФНС России по Сибирскому федеральному округу'),
(973, 77, 9957, 179, ' Межрегиональная инспекция ФНС России по Дальневосточному федеральному округу'),
(974, 77, 9965, 324, ' Межрегиональная инспекция ФНС России по централизованной обработке данных'),
(975, 77, 9971, 324, ' Межрегиональная инспекция ФНС России по крупнейшим налогоплательщикам № 1'),
(976, 77, 9972, 324, ' МИ ФНС России по крупнейшим налогоплательщикам № 2'),
(977, 77, 9973, 324, ' Межрегиональная инспекция ФНС России по крупнейшим налогоплательщикам № 3'),
(978, 77, 9974, 324, ' Межрегиональная инспекция ФНС России по крупнейшим налогоплательщикам № 4'),
(979, 77, 9975, 324, ' Межрегиональная инспекция ФНС России по крупнейшим налогоплательщикам № 5'),
(980, 77, 9976, 324, ' Межрегиональная инспекция ФНС России по крупнейшим налогоплательщикам № 6'),
(981, 77, 9977, 324, ' Межрегиональная инспекция ФНС России по крупнейшим налогоплательщикам № 7'),
(982, 77, 9978, NULL, ' Межрегиональная инспекция ФНС России по крупнейшим налогоплательщикам № 8'),
(983, 77, 9979, 303, ' МИ ФНС России по крупнейшим налогоплательщикам № 9'),
(984, 77, 9998, NULL, ' ФНС России (Р)');

CREATE TABLE `purchases` (
  `purchase_id` int(11) NOT NULL,
  `user_id` int(11) NOT NULL,
  `purchase_date_create` varchar(19) COLLATE utf8_bin NOT NULL,
  `purchase_date_update` varchar(19) COLLATE utf8_bin DEFAULT NULL,
  `purchase_date_buy` varchar(19) COLLATE utf8_bin DEFAULT NULL,
  `purchase_price` int(11) NOT NULL,
  `purchase_filter_date_start` varchar(19) COLLATE utf8_bin NOT NULL,
  `purchase_filter_date_end` varchar(19) COLLATE utf8_bin NOT NULL,
  `purchase_filter_items_count` int(11) NOT NULL,
  `purchase_filter_ogrnip` tinyint(1) NOT NULL DEFAULT '0',
  `purchase_filter_ogrnip_null` tinyint(1) NOT NULL DEFAULT '0',
  `purchase_filter_ogrnip_date` tinyint(1) NOT NULL DEFAULT '0',
  `purchase_filter_ogrnip_date_null` tinyint(1) NOT NULL DEFAULT '0',
  `purchase_filter_discount` tinyint(1) NOT NULL DEFAULT '0',
  `purchase_filter_person_name` tinyint(1) NOT NULL DEFAULT '0',
  `purchase_filter_person_name_null` tinyint(1) NOT NULL DEFAULT '0',
  `purchase_filter_person_surname` tinyint(1) NOT NULL DEFAULT '0',
  `purchase_filter_person_surname_null` tinyint(1) NOT NULL DEFAULT '0',
  `purchase_filter_person_patronymic` tinyint(1) NOT NULL DEFAULT '0',
  `purchase_filter_person_patronymic_null` tinyint(1) NOT NULL DEFAULT '0',
  `purchase_filter_person_birthday` tinyint(1) NOT NULL DEFAULT '0',
  `purchase_filter_person_birthday_null` tinyint(1) NOT NULL DEFAULT '0',
  `purchase_filter_person_birthplace` tinyint(1) NOT NULL DEFAULT '0',
  `purchase_filter_person_birthplace_null` tinyint(1) NOT NULL DEFAULT '0',
  `purchase_filter_inn` tinyint(1) NOT NULL DEFAULT '0',
  `purchase_filter_inn_null` tinyint(1) NOT NULL DEFAULT '0',
  `purchase_filter_address` tinyint(1) NOT NULL DEFAULT '0',
  `purchase_filter_address_null` tinyint(1) NOT NULL DEFAULT '0',
  `purchase_filter_doc_number` tinyint(1) NOT NULL DEFAULT '0',
  `purchase_filter_doc_number_null` tinyint(1) NOT NULL DEFAULT '0',
  `purchase_filter_doc_date` tinyint(1) NOT NULL DEFAULT '0',
  `purchase_filter_doc_date_null` tinyint(1) NOT NULL DEFAULT '0',
  `purchase_filter_organization_name` tinyint(1) NOT NULL DEFAULT '0',
  `purchase_filter_organization_name_null` tinyint(1) NOT NULL DEFAULT '0',
  `purchase_filter_organization_code` tinyint(1) NOT NULL DEFAULT '0',
  `purchase_filter_organization_code_null` tinyint(1) NOT NULL DEFAULT '0',
  `purchase_filter_phone` tinyint(1) NOT NULL DEFAULT '0',
  `purchase_filter_phone_null` tinyint(1) NOT NULL DEFAULT '0',
  `purchase_filter_email` tinyint(1) NOT NULL DEFAULT '0',
  `purchase_filter_email_null` tinyint(1) NOT NULL DEFAULT '0',
  `purchase_filter_okved_code` tinyint(1) NOT NULL DEFAULT '0',
  `purchase_filter_okved_code_null` tinyint(1) NOT NULL DEFAULT '0',
  `purchase_filter_okved_name` tinyint(1) NOT NULL DEFAULT '0',
  `purchase_filter_okved_name_null` tinyint(1) NOT NULL DEFAULT '0',
  `transaction_id` int(11) DEFAULT NULL
) ENGINE=InnoDB DEFAULT CHARSET=utf8 COLLATE=utf8_bin;
DELIMITER $$
CREATE TRIGGER `purchases_before_insert` BEFORE INSERT ON `purchases` FOR EACH ROW BEGIN
  SET NEW.purchase_date_create = NOW();
END
$$
DELIMITER ;
DELIMITER $$
CREATE TRIGGER `purchases_before_update` BEFORE UPDATE ON `purchases` FOR EACH ROW BEGIN
  SET NEW.purchase_date_update = NOW();
END
$$
DELIMITER ;

CREATE TABLE `regions` (
  `region_id` int(11) NOT NULL,
  `region_name` varchar(60) COLLATE utf8_bin NOT NULL
) ENGINE=InnoDB DEFAULT CHARSET=utf8 COLLATE=utf8_bin;

INSERT INTO `regions` (`region_id`, `region_name`) VALUES
(21, 'Алтайский край'),
(27, 'Амурская область'),
(28, 'Архангельская область'),
(29, 'Астраханская область'),
(86, 'Байконур'),
(30, 'Белгородская область'),
(31, 'Брянская область'),
(32, 'Владимирская область'),
(33, 'Волгоградская область'),
(34, 'Вологодская область'),
(35, 'Воронежская область'),
(79, 'Еврейская автономная область'),
(75, 'Забайкальский край'),
(36, 'Ивановская область'),
(37, 'Иркутская область'),
(7, 'Кабардино-Балкарская Республика'),
(39, 'Калининградская область'),
(40, 'Калужская область'),
(41, 'Камчатский край'),
(42, 'Кемеровская область'),
(43, 'Кировская область'),
(44, 'Костромская область'),
(22, 'Краснодарский край'),
(23, 'Красноярский край'),
(45, 'Курганская область'),
(46, 'Курская область'),
(47, 'Ленинградская область'),
(48, 'Липецкая область'),
(49, 'Магаданская область'),
(77, 'Москва'),
(50, 'Московская область'),
(51, 'Мурманская область'),
(81, 'Ненецкий автономный округ'),
(52, 'Нижегородская область'),
(53, 'Новгородская область'),
(54, 'Новосибирская область'),
(55, 'Омская область'),
(56, 'Оренбургская область'),
(57, 'Орловская область'),
(58, 'Пензенская область'),
(59, 'Пермский край'),
(24, 'Приморский край'),
(60, 'Псковская область'),
(1, 'Республика Адыгея'),
(4, 'Республика Алтай'),
(2, 'Республика Башкортостан'),
(3, 'Республика Бурятия'),
(5, 'Республика Дагестан'),
(6, 'Республика Ингушетия'),
(8, 'Республика Калмыкия'),
(9, 'Республика Карачаево-Черкесия'),
(10, 'Республика Карелия'),
(11, 'Республика Коми'),
(80, 'Республика Крым'),
(12, 'Республика Марий Эл'),
(13, 'Республика Мордовия'),
(14, 'Республика Саха (Якутия)'),
(15, 'Республика Северная Осетия — Алания'),
(16, 'Республика Татарстан'),
(17, 'Республика Тыва'),
(19, 'Республика Хакасия'),
(61, 'Ростовская область'),
(62, 'Рязанская область'),
(63, 'Самарская область'),
(78, 'Санкт-Петербург'),
(64, 'Саратовская область'),
(65, 'Сахалинская область'),
(66, 'Свердловская область'),
(85, 'Севастополь'),
(67, 'Смоленская область'),
(25, 'Ставропольский край'),
(68, 'Тамбовская область'),
(69, 'Тверская область'),
(70, 'Томская область'),
(71, 'Тульская область'),
(72, 'Тюменская область'),
(18, 'Удмуртская Республика'),
(73, 'Ульяновская область'),
(26, 'Хабаровский край'),
(82, 'Ханты-Мансийский автономный округ Югра'),
(74, 'Челябинская область'),
(87, 'Чеченская республика'),
(20, 'Чувашская Республика'),
(83, 'Чукотский автономный округ'),
(84, 'Ямало-Ненецкий автономный округ'),
(76, 'Ярославская область');

CREATE TABLE `templates` (
  `template_id` int(11) NOT NULL,
  `type_id` int(11) DEFAULT NULL,
  `template_columns_count` int(11) NOT NULL DEFAULT '0'
) ENGINE=InnoDB DEFAULT CHARSET=utf8 COLLATE=utf8_bin;

INSERT INTO `templates` (`template_id`, `type_id`, `template_columns_count`) VALUES
(1, 11, 0),
(2, 12, 0);

CREATE TABLE `template_columns` (
  `template_column_id` int(11) NOT NULL,
  `template_id` int(11) NOT NULL,
  `template_column_letters` varchar(3) COLLATE utf8_bin NOT NULL,
  `template_column_name` varchar(128) COLLATE utf8_bin NOT NULL,
  `column_id` int(11) DEFAULT NULL,
  `template_column_duplicate` tinyint(1) NOT NULL DEFAULT '0'
) ENGINE=InnoDB DEFAULT CHARSET=utf8 COLLATE=utf8_bin;

INSERT INTO `template_columns` (`template_column_id`, `template_id`, `template_column_letters`, `template_column_name`, `column_id`, `template_column_duplicate`) VALUES
(1, 1, 'a', 'OGRNIP', 1, 0),
(2, 1, 'b', 'DtOGRNIP', 2, 0),
(3, 1, 'c', 'FamFL', 4, 0),
(4, 1, 'd', 'NameFL', 3, 0),
(5, 1, 'e', 'OtchFL', 5, 0),
(6, 1, 'f', 'Birthday', 6, 0),
(7, 1, 'g', 'Birthplace', 7, 0),
(8, 1, 'h', 'INN', 8, 0),
(9, 1, 'i', 'AdresText', 9, 0),
(10, 1, 'j', 'NumDok36', 10, 0),
(11, 1, 'k', 'DtDok37', 11, 0),
(12, 1, 'l', 'NameOrg', 12, 0),
(13, 1, 'm', 'KodOrg', 13, 0),
(14, 1, 'n', 'Telefon', 14, 0),
(15, 1, 'o', 'EMail', 15, 0),
(16, 1, 'p', 'КодОКВЭД', 16, 0),
(17, 1, 'q', 'НаимОКВЭД', 17, 0),
(18, 2, 'a', 'ОГРН', 1, 0),
(19, 2, 'b', 'ИНН', 8, 0),
(22, 2, 'c', 'КПП', 18, 0),
(23, 2, 'd', 'НаимЮЛПолн', 12, 0),
(24, 2, 'e', 'Индекс', 19, 0),
(25, 2, 'f', 'Дом', 20, 0),
(26, 2, 'g', 'ТипРегион', 21, 0),
(27, 2, 'h', 'НаимРегион', 22, 0),
(28, 2, 'i', 'ТипРайон', 23, 0),
(29, 2, 'j', 'НаимРайон', 24, 0),
(30, 2, 'k', 'ТипНаселПункт', 25, 0),
(31, 2, 'l', 'НаимНаселПункт', 26, 0),
(32, 2, 'm', 'ТипУлица', 27, 0),
(33, 2, 'n', 'НаимУлица', 28, 0),
(34, 2, 'o', 'Фамилия', 4, 0),
(35, 2, 'p', 'Имя', 3, 0),
(36, 2, 'q', 'Отчество', 5, 0),
(37, 2, 'r', 'ИННФЛ', 29, 0),
(38, 2, 's', 'НаимВидДолжн', 30, 0),
(39, 2, 't', 'НаимДолжн', 31, 0),
(40, 2, 'u', 'НомТел', 14, 0),
(41, 2, 'v', 'ДатаРожд', 6, 0),
(42, 2, 'w', 'МестоРожд', 7, 0),
(43, 2, 'x', 'НаимДок', 32, 0),
(44, 2, 'y', 'СерНомДок', 10, 0),
(45, 2, 'z', 'ДатаДок', 11, 0),
(46, 2, 'aa', 'ВыдДок', 33, 0),
(47, 2, 'ab', 'КодВыдДок', 34, 0),
(48, 2, 'ac', 'Дом133', 35, 0),
(49, 2, 'ad', 'Кварт', 36, 0),
(50, 2, 'ae', 'ТипРегион134', 37, 0),
(51, 2, 'af', 'НаимРегион135', 38, 0),
(52, 2, 'ag', 'ТипРайон136', 39, 0),
(53, 2, 'ah', 'НаимРайон137', 40, 0),
(54, 2, 'ai', 'ТипНаселПункт138', 41, 0),
(55, 2, 'aj', 'НаимНаселПункт139', 42, 0),
(56, 2, 'ak', 'ТипУлица140', 43, 0),
(57, 2, 'al', 'НаимУлица141', 44, 0),
(58, 2, 'aq', 'КодОКВЭД', 16, 0),
(59, 2, 'ar', 'НаимОКВЭД', 17, 0),
(60, 2, 'am', 'СерНомДок158', 10, 1),
(61, 2, 'an', 'ДатаДок159', 11, 1),
(62, 2, 'ao', 'ВыдДок160', 33, 1),
(63, 2, 'ap', 'КодВыдДок161', 34, 1);
DELIMITER $$
CREATE TRIGGER `template_column_before_insert` BEFORE INSERT ON `template_columns` FOR EACH ROW BEGIN
  IF (SELECT COUNT(*) FROM template_columns WHERE column_id = NEW.column_id AND template_id = NEW.template_id) > 0
      THEN SET NEW.template_column_duplicate = 1;
    END IF;
END
$$
DELIMITER ;
CREATE TABLE `template_columns_view` (
`template_id` int(11)
,`template_column_id` int(11)
,`column_id` int(11)
,`column_name` varchar(128)
,`column_price` int(11)
,`column_blocked` tinyint(1)
,`template_column_letters` varchar(3)
,`template_column_name` varchar(128)
,`type_id` int(11)
,`type_name` varchar(128)
,`template_column_duplicate` tinyint(1)
);

CREATE TABLE `times` (
  `time_id` int(11) NOT NULL,
  `time_value` varchar(5) COLLATE utf8_bin NOT NULL
) ENGINE=InnoDB DEFAULT CHARSET=utf8 COLLATE=utf8_bin;

INSERT INTO `times` (`time_id`, `time_value`) VALUES
(1, '8:30'),
(2, '9:30'),
(3, '10:30'),
(4, '11:30'),
(5, '12:30'),
(6, '13:30'),
(7, '14:30'),
(8, '15:30'),
(9, '16:30'),
(10, '17:30'),
(11, '18:30');

CREATE TABLE `transactions` (
  `transaction_id` int(11) NOT NULL,
  `type_id` int(11) DEFAULT NULL,
  `transaction_value` int(11) NOT NULL,
  `transaction_date_create` varchar(19) COLLATE utf8_bin NOT NULL,
  `transaction_date_update` varchar(19) COLLATE utf8_bin DEFAULT NULL,
  `transaction_date_end` varchar(19) COLLATE utf8_bin DEFAULT NULL,
  `user_id` int(11) DEFAULT NULL,
  `transaction_end` tinyint(4) NOT NULL DEFAULT '0'
) ENGINE=InnoDB DEFAULT CHARSET=utf8 COLLATE=utf8_bin;
DELIMITER $$
CREATE TRIGGER `transactions_before_insert` BEFORE INSERT ON `transactions` FOR EACH ROW BEGIN
  SET NEW.transaction_date_create = NOW();
    IF NEW.transaction_end
      THEN BEGIN 
          SET NEW.transaction_date_end = NOW();
            UPDATE purchases SET purchase_date_buy = NOW() WHERE transaction_id = NEW.transaction_id;
        END;
    END IF;
END
$$
DELIMITER ;
DELIMITER $$
CREATE TRIGGER `transactions_before_update` BEFORE UPDATE ON `transactions` FOR EACH ROW BEGIN
  SET NEW.transaction_date_update = NOW();
    IF NEW.transaction_end
      THEN BEGIN 
          SET NEW.transaction_date_end = NOW();
            UPDATE purchases SET purchase_date_buy = NOW() WHERE transaction_id = NEW.transaction_id;
        END;
    END IF;
END
$$
DELIMITER ;

CREATE TABLE `types` (
  `type_id` int(11) NOT NULL,
  `type_name` varchar(128) COLLATE utf8_bin NOT NULL
) ENGINE=InnoDB DEFAULT CHARSET=utf8 COLLATE=utf8_bin;

INSERT INTO `types` (`type_id`, `type_name`) VALUES
(17, 'api_error'),
(15, 'api_process'),
(16, 'api_success'),
(7, 'deposit'),
(10, 'free'),
(4, 'get'),
(14, 'invalidate'),
(5, 'post'),
(6, 'purchase'),
(9, 'reservation'),
(1, 'root'),
(8, 'sale'),
(2, 'user'),
(13, 'validate'),
(3, 'ws'),
(11, 'ИП'),
(12, 'ООО');

CREATE TABLE `users` (
  `user_id` int(11) NOT NULL,
  `user_name` varchar(64) COLLATE utf8_bin NOT NULL,
  `user_email` varchar(512) COLLATE utf8_bin NOT NULL,
  `user_password` varchar(128) COLLATE utf8_bin NOT NULL,
  `user_date_create` varchar(19) COLLATE utf8_bin NOT NULL,
  `user_date_update` varchar(19) COLLATE utf8_bin DEFAULT NULL,
  `user_creator_id` int(11) DEFAULT NULL,
  `type_id` int(11) DEFAULT NULL,
  `user_auth` tinyint(1) NOT NULL DEFAULT '0',
  `user_online` tinyint(1) NOT NULL DEFAULT '0',
  `user_hash` varchar(32) COLLATE utf8_bin DEFAULT NULL,
  `user_connections_count` int(11) NOT NULL DEFAULT '0'
) ENGINE=InnoDB DEFAULT CHARSET=utf8 COLLATE=utf8_bin;
DELIMITER $$
CREATE TRIGGER `users_before_insert` BEFORE INSERT ON `users` FOR EACH ROW BEGIN
  SET NEW.user_date_create = NOW();
  IF NEW.user_auth
    THEN BEGIN
      hashLoop: LOOP
        SET NEW.user_hash = getHash(32);
          IF (SELECT COUNT(*) FROM users WHERE user_hash = NEW.user_hash) > 0
            THEN ITERATE hashLoop;
              ELSE LEAVE hashLoop;
          END IF;
      END LOOP;
    END;
  END IF;
  IF NEW.user_connections_count > 0
    THEN SET NEW.user_online = 1;
    ELSE SET NEW.user_online = 0;
  END IF;
END
$$
DELIMITER ;
DELIMITER $$
CREATE TRIGGER `users_before_update` BEFORE UPDATE ON `users` FOR EACH ROW BEGIN
  SET NEW.user_date_update = NOW();
  IF NEW.user_auth = 1 AND OLD.user_auth = 0
    THEN BEGIN
      hashLoop: LOOP
        SET NEW.user_hash = getHash(32);
          IF (SELECT COUNT(*) FROM users WHERE user_hash = NEW.user_hash) > 0
            THEN ITERATE hashLoop;
              ELSE LEAVE hashLoop;
          END IF;
      END LOOP;
    END;
  END IF;
  IF NEW.user_connections_count > 0
    THEN SET NEW.user_online = 1;
    ELSE SET NEW.user_online = 0;
  END IF;
END
$$
DELIMITER ;
CREATE TABLE `users_connections_view` (
`connection_id` int(11)
,`connection_hash` varchar(32)
,`connection_end` tinyint(1)
,`connection_api_id` varchar(128)
,`connection_type_id` int(11)
,`connection_type_name` varchar(128)
,`user_id` int(11)
,`type_id` int(11)
,`type_name` varchar(128)
,`user_auth` tinyint(1)
,`user_online` tinyint(1)
,`user_email` varchar(512)
);
DROP TABLE IF EXISTS `bank_cities_time_priority_companies_view`;

CREATE ALGORITHM=UNDEFINED DEFINER=`root`@`localhost` SQL SECURITY DEFINER VIEW `astralinside`.`bank_cities_time_priority_companies_view`  AS  select `b`.`time_id` AS `time_id`,`t`.`time_value` AS `time_value`,`b`.`priority` AS `priority`,`r`.`region_name` AS `region_name`,`ci`.`city_name` AS `city_name`,`c`.`company_id` AS `company_id`,`c`.`user_id` AS `user_id`,`c`.`company_date_create` AS `company_date_create`,`c`.`type_id` AS `type_id`,`c`.`company_date_update` AS `company_date_update`,`c`.`company_discount` AS `company_discount`,`c`.`company_discount_percent` AS `company_discount_percent`,`c`.`company_ogrn` AS `company_ogrn`,`c`.`company_ogrn_date` AS `company_ogrn_date`,`c`.`company_person_name` AS `company_person_name`,`c`.`company_person_surname` AS `company_person_surname`,`c`.`company_person_patronymic` AS `company_person_patronymic`,`c`.`company_person_birthday` AS `company_person_birthday`,`c`.`company_person_birthplace` AS `company_person_birthplace`,`c`.`company_inn` AS `company_inn`,`c`.`company_address` AS `company_address`,`c`.`company_doc_number` AS `company_doc_number`,`c`.`company_doc_date` AS `company_doc_date`,`c`.`company_organization_name` AS `company_organization_name`,`c`.`company_organization_code` AS `company_organization_code`,`c`.`company_phone` AS `company_phone`,`c`.`company_email` AS `company_email`,`c`.`company_okved_code` AS `company_okved_code`,`c`.`company_okved_name` AS `company_okved_name`,`c`.`purchase_id` AS `purchase_id`,`c`.`template_id` AS `template_id`,`c`.`company_kpp` AS `company_kpp`,`c`.`company_index` AS `company_index`,`c`.`company_house` AS `company_house`,`c`.`company_region_type` AS `company_region_type`,`c`.`company_region_name` AS `company_region_name`,`c`.`company_area_type` AS `company_area_type`,`c`.`company_area_name` AS `company_area_name`,`c`.`company_locality_type` AS `company_locality_type`,`c`.`company_locality_name` AS `company_locality_name`,`c`.`company_street_type` AS `company_street_type`,`c`.`company_street_name` AS `company_street_name`,`c`.`company_innfl` AS `company_innfl`,`c`.`company_person_position_type` AS `company_person_position_type`,`c`.`company_person_position_name` AS `company_person_position_name`,`c`.`company_doc_name` AS `company_doc_name`,`c`.`company_doc_gifter` AS `company_doc_gifter`,`c`.`company_doc_code` AS `company_doc_code`,`c`.`company_doc_house` AS `company_doc_house`,`c`.`company_doc_flat` AS `company_doc_flat`,`c`.`company_doc_region_type` AS `company_doc_region_type`,`c`.`company_doc_region_name` AS `company_doc_region_name`,`c`.`company_doc_area_type` AS `company_doc_area_type`,`c`.`company_doc_area_name` AS `company_doc_area_name`,`c`.`company_doc_locality_type` AS `company_doc_locality_type`,`c`.`company_doc_locality_name` AS `company_doc_locality_name`,`c`.`company_doc_street_type` AS `company_doc_street_type`,`c`.`company_doc_street_name` AS `company_doc_street_name`,`c`.`city_id` AS `city_id`,`c`.`region_id` AS `region_id`,`c`.`bank_id` AS `bank_id`,json_object('cityName',`ci`.`city_name`,'regionName',`r`.`region_name`,'typeID',`c`.`type_id`,'companyID',`c`.`company_id`,'templateID',`c`.`template_id`,'cityID',`c`.`city_id`,'regionID',`c`.`region_id`,'companyDateCreate',`c`.`company_date_create`,'companyDateUpdate',`c`.`company_date_update`,'companyOgrn',`c`.`company_ogrn`,'companyOgrnDate',`c`.`company_ogrn_date`,'companyPersonBirthday',`c`.`company_person_birthday`,'companyDocDate',`c`.`company_doc_date`,'companyPersonName',`c`.`company_person_name`,'companyPersonSurname',`c`.`company_person_name`,'companyPersonPatronymic',`c`.`company_person_patronymic`,'companyPersonBirthplace',`c`.`company_person_birthplace`,'companyAddress',`c`.`company_address`,'companyOrganizationName',`c`.`company_organization_name`,'companyEmail',`c`.`company_email`,'companyInn',`c`.`company_inn`,'companyDocNumber',`c`.`company_doc_number`,'companyInnfl',`c`.`company_innfl`,'companyOrganizationCode',`c`.`company_organization_code`,'companyPhone',`c`.`company_phone`,'companyHouse',`c`.`company_house`,'companyDocHouse',`c`.`company_doc_house`,'companyOkvedCode',`c`.`company_okved_code`,'companyOkvedName',`c`.`company_okved_name`,'companyKpp',`c`.`company_kpp`,'companyIndex',`c`.`company_index`,'companyRegionType',`c`.`company_region_type`,'companyDocRegionType',`c`.`company_doc_region_type`,'companyRegionName',`c`.`company_region_name`,'companyDocName',`c`.`company_doc_name`,'companyDocRegionName',`c`.`company_doc_region_name`,'companyAreaType',`c`.`company_area_type`,'companyAreaName',`c`.`company_area_name`,'companyLocalityType',`c`.`company_locality_type`,'companyLocalityName',`c`.`company_locality_name`,'companyStreetType',`c`.`company_street_type`,'companyStreetName',`c`.`company_street_name`,'companyPersonPositionType',`c`.`company_person_position_type`,'companyPersonPositionName',`c`.`company_person_position_name`,'companyDocAreaType',`c`.`company_doc_area_type`,'companyDocAreaName',`c`.`company_doc_area_name`,'companyDocLocalityType',`c`.`company_doc_locality_type`,'companyDocLocalityName',`c`.`company_doc_locality_name`,'companyDocStreetType',`c`.`company_doc_street_type`,'companyDocStreetName',`c`.`company_doc_street_name`,'companyDocGifter',`c`.`company_doc_gifter`,'companyDocCode',`c`.`company_doc_code`,'companyDocFlat',`c`.`company_doc_flat`) AS `company_json` from ((((`astralinside`.`bank_cities_time_priority` `b` join `astralinside`.`companies` `c` on(((`c`.`city_id` = `b`.`city_id`) and (`c`.`bank_id` = `b`.`bank_id`)))) join `astralinside`.`times` `t` on((`t`.`time_id` = `b`.`time_id`))) join `astralinside`.`cities` `ci` on((`ci`.`city_id` = `b`.`city_id`))) join `astralinside`.`regions` `r` on((`r`.`region_id` = `c`.`region_id`))) order by `b`.`time_id`,`b`.`priority` ;
DROP TABLE IF EXISTS `bank_times_view`;

CREATE ALGORITHM=UNDEFINED DEFINER=`root`@`localhost` SQL SECURITY DEFINER VIEW `astralinside`.`bank_times_view`  AS  select distinct `b`.`time_id` AS `time_id`,`t`.`time_value` AS `time_value`,`b`.`bank_id` AS `bank_id` from (`astralinside`.`bank_cities_time_priority` `b` join `astralinside`.`times` `t` on((`t`.`time_id` = `b`.`time_id`))) order by cast(`t`.`time_value` as time(6)) ;
DROP TABLE IF EXISTS `template_columns_view`;

CREATE ALGORITHM=UNDEFINED DEFINER=`root`@`localhost` SQL SECURITY DEFINER VIEW `astralinside`.`template_columns_view`  AS  select `t`.`template_id` AS `template_id`,`tc`.`template_column_id` AS `template_column_id`,`c`.`column_id` AS `column_id`,`c`.`column_name` AS `column_name`,`c`.`column_price` AS `column_price`,`c`.`column_blocked` AS `column_blocked`,`tc`.`template_column_letters` AS `template_column_letters`,`tc`.`template_column_name` AS `template_column_name`,`ts`.`type_id` AS `type_id`,`ts`.`type_name` AS `type_name`,`tc`.`template_column_duplicate` AS `template_column_duplicate` from (((`astralinside`.`template_columns` `tc` join `astralinside`.`templates` `t` on((`t`.`template_id` = `tc`.`template_id`))) join `astralinside`.`columns` `c` on((`c`.`column_id` = `tc`.`column_id`))) join `astralinside`.`types` `ts` on((`ts`.`type_id` = `t`.`type_id`))) ;
DROP TABLE IF EXISTS `users_connections_view`;

CREATE ALGORITHM=UNDEFINED DEFINER=`root`@`localhost` SQL SECURITY DEFINER VIEW `astralinside`.`users_connections_view`  AS  select `c`.`connection_id` AS `connection_id`,`c`.`connection_hash` AS `connection_hash`,`c`.`connection_end` AS `connection_end`,`c`.`connection_api_id` AS `connection_api_id`,`c`.`type_id` AS `connection_type_id`,`tt`.`type_name` AS `connection_type_name`,`u`.`user_id` AS `user_id`,`u`.`type_id` AS `type_id`,`t`.`type_name` AS `type_name`,`u`.`user_auth` AS `user_auth`,`u`.`user_online` AS `user_online`,`u`.`user_email` AS `user_email` from (((`astralinside`.`connections` `c` left join `astralinside`.`users` `u` on((`u`.`user_id` = `c`.`user_id`))) left join `astralinside`.`types` `t` on((`t`.`type_id` = `u`.`type_id`))) left join `astralinside`.`types` `tt` on((`tt`.`type_id` = `c`.`type_id`))) ;


ALTER TABLE `banks`
  ADD PRIMARY KEY (`bank_id`);

ALTER TABLE `bank_cities`
  ADD PRIMARY KEY (`bank_city_id`),
  ADD KEY `bank_id` (`bank_id`),
  ADD KEY `city_id` (`city_id`);

ALTER TABLE `bank_cities_time_priority`
  ADD PRIMARY KEY (`bank_city_time_priority_id`),
  ADD KEY `bank_id` (`bank_id`),
  ADD KEY `time_id` (`time_id`),
  ADD KEY `city_id` (`city_id`);

ALTER TABLE `cities`
  ADD PRIMARY KEY (`city_id`);

ALTER TABLE `codes`
  ADD PRIMARY KEY (`code_id`),
  ADD UNIQUE KEY `code_value` (`code_value`),
  ADD KEY `region_id` (`region_id`);

ALTER TABLE `columns`
  ADD PRIMARY KEY (`column_id`),
  ADD UNIQUE KEY `column_name` (`column_name`);

ALTER TABLE `companies`
  ADD PRIMARY KEY (`company_id`),
  ADD KEY `user_id` (`user_id`),
  ADD KEY `type_id` (`type_id`),
  ADD KEY `purchase_id` (`purchase_id`),
  ADD KEY `template_id` (`template_id`),
  ADD KEY `city_id` (`city_id`),
  ADD KEY `region_id` (`region_id`),
  ADD KEY `bank_id` (`bank_id`);

ALTER TABLE `connections`
  ADD PRIMARY KEY (`connection_id`),
  ADD UNIQUE KEY `connection_hash` (`connection_hash`),
  ADD KEY `user_id` (`user_id`),
  ADD KEY `type_id` (`type_id`);

ALTER TABLE `files`
  ADD PRIMARY KEY (`file_id`),
  ADD UNIQUE KEY `file_name` (`file_name`),
  ADD KEY `type_id` (`type_id`),
  ADD KEY `purchase_id` (`purchase_id`),
  ADD KEY `user_id` (`user_id`);

ALTER TABLE `fns_codes`
  ADD PRIMARY KEY (`fns_code_id`),
  ADD KEY `city_id` (`city_id`),
  ADD KEY `region_id` (`region_id`);

ALTER TABLE `purchases`
  ADD PRIMARY KEY (`purchase_id`),
  ADD KEY `user_id` (`user_id`),
  ADD KEY `transaction_id` (`transaction_id`);

ALTER TABLE `regions`
  ADD PRIMARY KEY (`region_id`),
  ADD UNIQUE KEY `region_name` (`region_name`);

ALTER TABLE `templates`
  ADD PRIMARY KEY (`template_id`),
  ADD KEY `type_id` (`type_id`);

ALTER TABLE `template_columns`
  ADD PRIMARY KEY (`template_column_id`),
  ADD KEY `template_id` (`template_id`),
  ADD KEY `column_id` (`column_id`);

ALTER TABLE `times`
  ADD PRIMARY KEY (`time_id`);

ALTER TABLE `transactions`
  ADD PRIMARY KEY (`transaction_id`),
  ADD KEY `type_id` (`type_id`),
  ADD KEY `user_id` (`user_id`);

ALTER TABLE `types`
  ADD PRIMARY KEY (`type_id`),
  ADD UNIQUE KEY `type_name` (`type_name`);

ALTER TABLE `users`
  ADD PRIMARY KEY (`user_id`),
  ADD UNIQUE KEY `user_email` (`user_email`),
  ADD UNIQUE KEY `user_hash` (`user_hash`),
  ADD KEY `user_creator_id` (`user_creator_id`),
  ADD KEY `type_id` (`type_id`);


ALTER TABLE `banks`
  MODIFY `bank_id` int(11) NOT NULL AUTO_INCREMENT;

ALTER TABLE `bank_cities`
  MODIFY `bank_city_id` int(11) NOT NULL AUTO_INCREMENT;

ALTER TABLE `bank_cities_time_priority`
  MODIFY `bank_city_time_priority_id` int(11) NOT NULL AUTO_INCREMENT;

ALTER TABLE `cities`
  MODIFY `city_id` int(11) NOT NULL AUTO_INCREMENT;

ALTER TABLE `codes`
  MODIFY `code_id` int(11) NOT NULL AUTO_INCREMENT;

ALTER TABLE `columns`
  MODIFY `column_id` int(11) NOT NULL AUTO_INCREMENT;

ALTER TABLE `companies`
  MODIFY `company_id` int(11) NOT NULL AUTO_INCREMENT;

ALTER TABLE `connections`
  MODIFY `connection_id` int(11) NOT NULL AUTO_INCREMENT;

ALTER TABLE `files`
  MODIFY `file_id` int(11) NOT NULL AUTO_INCREMENT;

ALTER TABLE `fns_codes`
  MODIFY `fns_code_id` int(11) NOT NULL AUTO_INCREMENT;

ALTER TABLE `purchases`
  MODIFY `purchase_id` int(11) NOT NULL AUTO_INCREMENT;

ALTER TABLE `regions`
  MODIFY `region_id` int(11) NOT NULL AUTO_INCREMENT;

ALTER TABLE `templates`
  MODIFY `template_id` int(11) NOT NULL AUTO_INCREMENT;

ALTER TABLE `template_columns`
  MODIFY `template_column_id` int(11) NOT NULL AUTO_INCREMENT;

ALTER TABLE `times`
  MODIFY `time_id` int(11) NOT NULL AUTO_INCREMENT;

ALTER TABLE `transactions`
  MODIFY `transaction_id` int(11) NOT NULL AUTO_INCREMENT;

ALTER TABLE `types`
  MODIFY `type_id` int(11) NOT NULL AUTO_INCREMENT;

ALTER TABLE `users`
  MODIFY `user_id` int(11) NOT NULL AUTO_INCREMENT;


ALTER TABLE `bank_cities`
  ADD CONSTRAINT `bank_cities_ibfk_1` FOREIGN KEY (`bank_id`) REFERENCES `banks` (`bank_id`) ON DELETE CASCADE ON UPDATE CASCADE,
  ADD CONSTRAINT `bank_cities_ibfk_2` FOREIGN KEY (`city_id`) REFERENCES `cities` (`city_id`) ON DELETE CASCADE ON UPDATE CASCADE;

ALTER TABLE `bank_cities_time_priority`
  ADD CONSTRAINT `bank_cities_time_priority_ibfk_1` FOREIGN KEY (`bank_id`) REFERENCES `banks` (`bank_id`) ON DELETE CASCADE ON UPDATE CASCADE,
  ADD CONSTRAINT `bank_cities_time_priority_ibfk_2` FOREIGN KEY (`city_id`) REFERENCES `cities` (`city_id`) ON DELETE CASCADE ON UPDATE CASCADE,
  ADD CONSTRAINT `bank_cities_time_priority_ibfk_3` FOREIGN KEY (`time_id`) REFERENCES `times` (`time_id`) ON DELETE CASCADE ON UPDATE CASCADE;

ALTER TABLE `codes`
  ADD CONSTRAINT `codes_ibfk_1` FOREIGN KEY (`region_id`) REFERENCES `regions` (`region_id`) ON DELETE SET NULL ON UPDATE CASCADE;

ALTER TABLE `companies`
  ADD CONSTRAINT `companies_ibfk_1` FOREIGN KEY (`user_id`) REFERENCES `users` (`user_id`) ON DELETE SET NULL ON UPDATE CASCADE,
  ADD CONSTRAINT `companies_ibfk_2` FOREIGN KEY (`type_id`) REFERENCES `types` (`type_id`) ON DELETE SET NULL ON UPDATE CASCADE,
  ADD CONSTRAINT `companies_ibfk_3` FOREIGN KEY (`purchase_id`) REFERENCES `purchases` (`purchase_id`) ON DELETE CASCADE ON UPDATE CASCADE,
  ADD CONSTRAINT `companies_ibfk_4` FOREIGN KEY (`template_id`) REFERENCES `templates` (`template_id`) ON DELETE SET NULL ON UPDATE CASCADE,
  ADD CONSTRAINT `companies_ibfk_5` FOREIGN KEY (`city_id`) REFERENCES `cities` (`city_id`) ON DELETE SET NULL ON UPDATE CASCADE,
  ADD CONSTRAINT `companies_ibfk_6` FOREIGN KEY (`region_id`) REFERENCES `regions` (`region_id`) ON DELETE SET NULL ON UPDATE CASCADE,
  ADD CONSTRAINT `companies_ibfk_7` FOREIGN KEY (`bank_id`) REFERENCES `banks` (`bank_id`) ON DELETE SET NULL ON UPDATE CASCADE;

ALTER TABLE `connections`
  ADD CONSTRAINT `connections_ibfk_1` FOREIGN KEY (`user_id`) REFERENCES `users` (`user_id`) ON DELETE CASCADE ON UPDATE CASCADE,
  ADD CONSTRAINT `connections_ibfk_2` FOREIGN KEY (`type_id`) REFERENCES `types` (`type_id`) ON DELETE SET NULL ON UPDATE CASCADE;

ALTER TABLE `files`
  ADD CONSTRAINT `files_ibfk_1` FOREIGN KEY (`type_id`) REFERENCES `types` (`type_id`) ON DELETE SET NULL ON UPDATE CASCADE,
  ADD CONSTRAINT `files_ibfk_2` FOREIGN KEY (`user_id`) REFERENCES `users` (`user_id`) ON DELETE SET NULL ON UPDATE CASCADE,
  ADD CONSTRAINT `files_ibfk_3` FOREIGN KEY (`purchase_id`) REFERENCES `purchases` (`purchase_id`) ON DELETE SET NULL ON UPDATE CASCADE;

ALTER TABLE `fns_codes`
  ADD CONSTRAINT `fns_codes_ibfk_1` FOREIGN KEY (`city_id`) REFERENCES `cities` (`city_id`) ON DELETE SET NULL ON UPDATE CASCADE,
  ADD CONSTRAINT `fns_codes_ibfk_2` FOREIGN KEY (`region_id`) REFERENCES `regions` (`region_id`) ON DELETE SET NULL ON UPDATE CASCADE;

ALTER TABLE `purchases`
  ADD CONSTRAINT `purchases_ibfk_1` FOREIGN KEY (`user_id`) REFERENCES `users` (`user_id`) ON DELETE CASCADE ON UPDATE CASCADE,
  ADD CONSTRAINT `purchases_ibfk_2` FOREIGN KEY (`transaction_id`) REFERENCES `transactions` (`transaction_id`) ON DELETE SET NULL ON UPDATE CASCADE;

ALTER TABLE `templates`
  ADD CONSTRAINT `templates_ibfk_1` FOREIGN KEY (`type_id`) REFERENCES `types` (`type_id`) ON DELETE SET NULL ON UPDATE CASCADE;

ALTER TABLE `template_columns`
  ADD CONSTRAINT `template_columns_ibfk_1` FOREIGN KEY (`template_id`) REFERENCES `templates` (`template_id`) ON DELETE CASCADE ON UPDATE CASCADE,
  ADD CONSTRAINT `template_columns_ibfk_2` FOREIGN KEY (`column_id`) REFERENCES `columns` (`column_id`) ON DELETE SET NULL ON UPDATE CASCADE;

ALTER TABLE `transactions`
  ADD CONSTRAINT `transactions_ibfk_1` FOREIGN KEY (`type_id`) REFERENCES `types` (`type_id`) ON DELETE SET NULL ON UPDATE CASCADE,
  ADD CONSTRAINT `transactions_ibfk_2` FOREIGN KEY (`user_id`) REFERENCES `users` (`user_id`) ON DELETE SET NULL ON UPDATE CASCADE;

ALTER TABLE `users`
  ADD CONSTRAINT `users_ibfk_1` FOREIGN KEY (`user_creator_id`) REFERENCES `users` (`user_id`) ON DELETE SET NULL ON UPDATE CASCADE,
  ADD CONSTRAINT `users_ibfk_2` FOREIGN KEY (`type_id`) REFERENCES `types` (`type_id`) ON DELETE SET NULL ON UPDATE CASCADE;
COMMIT;

/*!40101 SET CHARACTER_SET_CLIENT=@OLD_CHARACTER_SET_CLIENT */;
/*!40101 SET CHARACTER_SET_RESULTS=@OLD_CHARACTER_SET_RESULTS */;
/*!40101 SET COLLATION_CONNECTION=@OLD_COLLATION_CONNECTION */;
